-- phpMyAdmin SQL Dump
-- version 3.5.1
-- http://www.phpmyadmin.net
--
-- 主机: localhost:3306
-- 生成日期: 2013 年 09 月 26 日 10:40
-- 服务器版本: 5.5.24-log
-- PHP 版本: 5.3.13

SET SQL_MODE="NO_AUTO_VALUE_ON_ZERO";
SET time_zone = "+00:00";


/*!40101 SET @OLD_CHARACTER_SET_CLIENT=@@CHARACTER_SET_CLIENT */;
/*!40101 SET @OLD_CHARACTER_SET_RESULTS=@@CHARACTER_SET_RESULTS */;
/*!40101 SET @OLD_COLLATION_CONNECTION=@@COLLATION_CONNECTION */;
/*!40101 SET NAMES utf8 */;

--
-- 数据库: `educms`
--

-- --------------------------------------------------------

--
-- 表的结构 `log_login`
--

CREATE TABLE IF NOT EXISTS `log_login` (
  `id` int(11) NOT NULL AUTO_INCREMENT COMMENT '流水号',
  `uid` int(4) DEFAULT NULL COMMENT '用户ID',
  `ip` varchar(15) DEFAULT NULL COMMENT '登陆IP',
  `addtime` varchar(11) DEFAULT NULL COMMENT '登陆时间',
  PRIMARY KEY (`id`)
) ENGINE=MyISAM  DEFAULT CHARSET=utf8 AUTO_INCREMENT=4203 ;

--
-- 转存表中的数据 `log_login`
--

INSERT INTO `log_login` (`id`, `uid`, `ip`, `addtime`) VALUES
(4191, 1, '127.0.0.1', '1380183676'),
(4192, 1, '127.0.0.1', '1380183734'),
(4193, 1, '127.0.0.1', '1380183853'),
(4194, 1, '127.0.0.1', '1380184145'),
(4195, 1, '127.0.0.1', '1380186188'),
(4196, 1, '127.0.0.1', '1380186573'),
(4197, 1, '127.0.0.1', '1380186581'),
(4198, 1, '127.0.0.1', '1380187640'),
(4199, 1, '127.0.0.1', '1380187792'),
(4200, 1, '127.0.0.1', '1380187932'),
(4201, 1, '127.0.0.1', '1380189179'),
(4202, 1, '127.0.0.1', '1380191993');

-- --------------------------------------------------------

--
-- 表的结构 `type`
--

CREATE TABLE IF NOT EXISTS `type` (
  `id` int(11) NOT NULL AUTO_INCREMENT COMMENT '流水ID',
  `pid` int(11) DEFAULT '0' COMMENT '上级分类',
  `domain` varchar(50) DEFAULT NULL COMMENT '域名',
  `name` varchar(50) DEFAULT NULL COMMENT '名称',
  `display` tinyint(3) DEFAULT '0' COMMENT '控制显示 0 隐藏 1 显示',
  `classid` tinyint(2) unsigned NOT NULL DEFAULT '10' COMMENT '分类类型 10-商品分类 11-其他分类',
  `sorting` int(11) unsigned NOT NULL DEFAULT '0' COMMENT '分类排序',
  PRIMARY KEY (`id`)
) ENGINE=MyISAM  DEFAULT CHARSET=utf8 AUTO_INCREMENT=587 ;

-- --------------------------------------------------------

--
-- 表的结构 `users`
--

CREATE TABLE IF NOT EXISTS `users` (
  `id` int(4) NOT NULL AUTO_INCREMENT COMMENT '流水号',
  `uid` int(4) DEFAULT '0' COMMENT '上级用户id',
  `domain` varchar(50) DEFAULT '0' COMMENT '域名',
  `username` varchar(50) DEFAULT NULL COMMENT '账号',
  `password` varchar(50) DEFAULT NULL COMMENT '密码',
  `realname` varchar(50) DEFAULT NULL COMMENT '名称',
  `sitename` varchar(50) DEFAULT NULL COMMENT '网站名称',
  `attestation` tinyint(2) DEFAULT '0' COMMENT '商家实名企业证认',
  `email` varchar(255) DEFAULT NULL COMMENT '邮箱',
  `roleid` int(11) unsigned NOT NULL DEFAULT '0' COMMENT '用户角色',
  `loginCount` int(4) DEFAULT '0' COMMENT '登陆次数',
  `lastTime` varchar(11) DEFAULT NULL COMMENT '最后登录时间',
  `addtime` varchar(10) DEFAULT '0' COMMENT '添加时间',
  `userType` tinyint(2) unsigned NOT NULL DEFAULT '2' COMMENT '账户类别 0-系统账户 1-微站账户 2-微商城账户',
  `remark` text COMMENT '商户注备说明',
  `validity` varchar(10) DEFAULT NULL COMMENT '有效期',
  `power` tinyint(2) DEFAULT '-1' COMMENT '账号等级 -1、注册用户(未审核用户),0、未认证会员(库存) 1、普通账号 2、商户 3、管理员',
  `lastIP` varchar(20) DEFAULT NULL COMMENT '左后登录IP',
  PRIMARY KEY (`id`)
) ENGINE=MyISAM  DEFAULT CHARSET=utf8 AUTO_INCREMENT=400 ;

--
-- 转存表中的数据 `users`
--

INSERT INTO `users` (`id`, `uid`, `domain`, `username`, `password`, `realname`, `sitename`, `attestation`, `email`, `roleid`, `loginCount`, `lastTime`, `addtime`, `userType`, `remark`, `validity`, `power`, `lastIP`) VALUES
(1, 0, 'yjf', 'yjf', 'f865b53623b121fd34ee5426c792e5c33af8c227', '上海游太网络科技有限公司', '游太网络', 0, 'john@youtitle.com', 1, 501, '1380191993', '1370656694', 0, '', '1815926400', 3, '127.0.0.1'),
(2, 0, 'qqwwee', 'qqwwee', 'f4542db9ba30f7958ae42c113dd87ad21fb2eddb', '杨家富', NULL, 0, '110877383@qq.com', 3, 8, '1379936326', '1370656694', 2, '', '', 2, '222.64.136.104'),
(32, 2, 'qqwwee', 'qqq', 'a056c8d05ae9ac6ca180bc991b93b7ffe37563e0', 'qqq21', NULL, 0, 'qqq@qq.com', 5, 0, NULL, '1371907472', 2, NULL, '', 1, NULL),
(42, 0, 'john', 'john', '7b744a40d13ce58b7f83e6a8c58458352c719e7f', '房俊', '上海游太网络科技有限公司', 0, 'fangjun918@126.com', 3, 10, '1378191515', '1372667082', 2, NULL, '', 2, '222.64.130.15'),
(36, 0, 'doulao', 'doulao', 'ce4665117284d76bb6167b0182a8f66f61ba5acb', '鼎中鼎澳门豆捞', '鼎中鼎澳门豆捞', 0, 'doulao@126.com', 3, 104, '1377736950', '1372148427', 2, '', '1437753600', 2, '114.94.127.110'),
(19, 0, 'zzlf4s', 'zzlf4s', '1f82c942befda29b6ed487a51da199f78fce7f05', '郑州力帆4S店', NULL, 0, 'dangmingkai@qq.com', 3, 0, NULL, '1370760234', 2, NULL, '', 2, NULL),
(27, 0, 'yalong', 'yalong', 'ee5f22a7c691c422576f93fcd5bfd3eafcaf4194', '亚龙营销', '亚龙微商城', 0, 'yalong@qq.com', 2, 573, '1380081769', '1371484289', 2, '', '1532448000', 2, '58.38.186.187'),
(380, 0, 'seatian', 'seatian', '624af4236222de491857320018a9cd10a58ac5d7', '易讯', NULL, 0, 'andatian@163.com', 0, 0, NULL, '1378915017', 2, NULL, '1394467017', -1, NULL),
(145, 0, 'zhanghui', 'zhanghui', '3aa2c5f9520e35245249e41922fdef849293a062', '张辉营销', '张辉营销商学院', 0, '176804060@qq.com', 2, 20, '1378777263', '1375344077', 2, '张辉的演示账号', '', 2, '114.87.125.254'),
(45, 2, 'qqwwee', 'mama', '99df988b77e60a1718e9e6fecdaf22552047be28', '妈妈', NULL, 0, 'mama@qq.cm', 5, 0, NULL, '1372912762', 2, NULL, '', 1, NULL),
(49, 0, 'pts2013', 'pts2013', '5dec8e65c5ee299d21f5b2795f5f9c24aa0ca776', '苏州塞拉唯贸易有限公司', '', 0, '13962519826@139.com', 3, 9, '1375682218', '1373254090', 2, '这位是8800元的用户', '1404748800', 2, '180.106.22.64'),
(50, 36, 'doulao', 'doulao1', '1f82c942befda29b6ed487a51da199f78fce7f05', 'doulao1', NULL, 0, 'doulao1@qq.com', 5, 0, NULL, '1373356574', 2, NULL, '', 1, NULL),
(51, 0, 'naruto', 'naruto', '57076d4c53a481fac3ee02fc2274360484da663c', '火影忍者', '火影忍者中文网', 1, 'jason@youtitle.com', 18, 31, '1379991747', '1373643767', 1, '', '1503590400', 2, '58.38.186.187'),
(55, 0, 'juren', 'juren', 'fba5adc0e6d3e74533e5e138b1267e0c19238b5a', '进击的巨人中文网', '进击的巨人商城', 0, 'markus@youtitle.com', 3, 21, '1377435165', '1373679578', 2, '', '1409241600', 2, '117.136.8.65'),
(65, 0, 'fangjun', 'fangjun', 'd7cab884e0ed652267a6d0a6f35b849e962ac264', '游太', NULL, 0, 'fangjun918@126.com', 3, 1, '1373816188', '1373816160', 2, NULL, '1389283200', 2, '180.157.231.135'),
(60, 36, 'doulao', 'doulao2', 'ce4665117284d76bb6167b0182a8f66f61ba5acb', '三林店', NULL, 0, 'doulao2@qq.com', 5, 13, '1374346072', '1373810203', 2, NULL, '', 1, '58.38.191.48'),
(66, 0, 'szlym', 'szlym', '18ee546104dd79d8846003eb1b48d38922c000a7', '内蒙古三主粮天然攸麦产业股份有限公司江苏苏州总运营商', '', 0, '2665325385@QQ.COM', 3, 2, '1374028145', '1373859200', 2, NULL, '1389369600', 2, '122.192.51.174'),
(64, 0, 'qqaazz', 'qqaazz', 'ed2112bb0dfc581811069bf90a15cd5c8e1a2815', '天天卡细心', NULL, 0, '123@123.com', 3, 1, '1373815934', '1373815746', 2, NULL, '1389283200', 2, '180.150.157.49'),
(67, 0, 'nkzj', 'nkzj', 'edf288162a77292a1d2a9413d74d38e820ae0818', '第二姿', '内裤专家', 1, '1906618287@qq.com', 3, 13, '1378958064', '1373939298', 2, '', '1389715200', 2, '183.4.74.217'),
(69, 0, 'dev', 'dev', '7b744a40d13ce58b7f83e6a8c58458352c719e7f', '游太网络', '游太网络', 0, 'dev@youtitle.com', 3, 69, '1374992915', '1373961588', 2, '', '1403107200', 2, '139.227.59.216'),
(70, 0, 'dy-design', 'dy-design', 'c30a5bc9d55e8d4c117dd9859a8d8cf508018ea6', '多元帝莎', '软装微商城', 0, '363309906@qq.com', 3, 75, '1379306176', '1374025893', 2, '', '1389888000', 2, '122.225.52.250'),
(90, 0, 'ouyangwei', 'ouyangwei', 'b97f73441b6557cec411c4d1d6a0af3e3f89c77d', '欧阳伟', NULL, 0, '313124740@qq.com', 3, 5, '1375928792', '1374198801', 2, NULL, '1389888000', 2, '110.203.179.247'),
(73, 0, 'laiying', 'laiying', '10d2918202ed63a85a9cb5bfc61a1aaeec1ce37e', '赖婴', NULL, 0, '1012102713@qq.com', 3, 2, '1375093478', '1374026041', 2, '', '1390320000', 2, '119.84.153.151'),
(74, 0, 'lijincheng', 'lijincheng', 'cd1e42cb7a3f0b23c688b3fa5333c5f2a102f9d3', '李金城', '彩思雨', 0, '1147299545@qq.com', 3, 39, '1377650535', '1374026075', 2, NULL, '1389888000', 2, '122.227.13.54'),
(103, 0, 'daixiaoqi', 'daixiaoqi', '04d3527908beb2c72f3ac409be399a12554fe651', '戴肖祺', NULL, 0, '532134615@qq.com', 3, 1, '1374481901', '1374481833', 2, '', '1390320000', 2, '58.38.191.26'),
(76, 0, 'kalen', 'kalen', 'aed56d154aa8e5800e9e33a3f151eccb67c1ab7b', '卡轮饰品总部直营店', '卡轮饰品总部直营店', 1, '416131168@qq.com', 3, 373, '1380078850', '1374026175', 2, '', '1389888000', 2, '119.129.92.218'),
(77, 0, 'dingwenli', 'dingwenli', '3510058b55560f2d26b6ee563fcdab8920cbd3e4', '三主粮养身燕麦商城', '三主粮养身燕麦商城', 0, '376696905@qq.com', 3, 42, '1374115603', '1374026206', 2, NULL, '1389542400', 2, '117.62.49.65'),
(78, 0, '730h', '730h', '53f322ba6c368e79679d5b4b0635ebd09dc63dc1', '张小军', NULL, 0, 'china730@126.com', 3, 2, '1378435009', '1374026237', 2, NULL, '1389888000', 2, '222.64.38.76'),
(79, 0, 'songyingying', 'songyingying', '17648e4b796ad48f3af7a0ce6389feea585e0c72', '宋颖鹰', NULL, 0, '13524366658@163.com', 3, 4, '1374051255', '1374026268', 2, NULL, '', 2, '116.227.89.133'),
(80, 0, 'zhouhong', 'zhouhong', 'dc099693fd12744699ce6398dc04151fd34ed895', '周红', '', 0, '1563991564@qq.com', 3, 7, '1375859036', '1374026297', 2, NULL, '1389974400', 2, '180.158.19.57'),
(81, 0, 'yangjiaqing', 'yangjiaqing', 'b70645ea3a808df93b3d6bf3950ac314a6beec19', '杨嘉晴', NULL, 0, '1141395489@qq.com', 3, 4, '1379078352', '1374026345', 2, NULL, '1389888000', 2, '111.194.159.0'),
(83, 0, 'xuxiaoguang', 'xuxiaoguang', '209c60398585674f8177e976723f405efe8b6c03', '徐晓光', NULL, 0, '1714206370@qq.com', 3, 1, '1374112846', '1374026420', 2, NULL, '1389974400', 2, '14.147.12.237'),
(84, 0, 'fuchaoxiong', 'fuchaoxiong', 'e2aab3fea07b950281d3f43d4d0e9e1b85c6310f', '傅超雄[暂不开通]', NULL, 0, 'yw628@163.net', 0, 0, NULL, '1374026460', 2, '这位客户暂时没有想好怎么用，已付3000元，想延迟开通，以免过早的过期', '1389542400', 0, NULL),
(85, 0, 'hatao', 'hatao', '037cf3c0623702c651d14aed99da8fd0971f9208', '谢平安', '哈淘国际微商城', 1, '616616201@qq.com', 3, 240, '1380083364', '1374026488', 2, '', '1389888000', 2, '113.119.69.72'),
(89, 0, 'lirenfu', 'lirenfu', '20f5ac77892e86119ddd40da459935a62d690b9c', '李任甫', NULL, 0, '123902899@qq.com', 3, 3, '1374637376', '1374198769', 2, NULL, '1389888000', 2, '116.226.53.227'),
(88, 0, 'wendi', 'wendi', 'fc818182c2bd9675d37afce2e485e38e0608ffb6', '温迪', NULL, 0, '41592234@qq.com', 3, 1, '1374199193', '1374198732', 2, NULL, '1389888000', 2, '101.224.120.127'),
(86, 0, 'guruilan', 'guruilan', '6a62994e9e7c85dbbddd104beda999f784989de1', '谷瑞兰', '嘉乐商场', 0, '907086675@qq.com', 3, 45, '1375686875', '1374051588', 2, NULL, '1389888000', 2, '183.238.116.136'),
(87, 0, 'zhangjianfeng', 'zhangjianfeng', '54028e56d091c9534288f015958332663f954ac6', '山西澳中旅国际旅行社', '长治旅游', 0, '603234048@qq.com', 3, 21, '1379179113', '1374198678', 2, NULL, '1389888000', 2, '113.24.209.224'),
(91, 0, 'lili', 'lili', '7d8fb03a57834c2191b63d6eae71b37e26663cfc', '李丽', NULL, 0, '253006315@qq.com', 3, 1, '1374199308', '1374198847', 2, NULL, '1389888000', 2, '101.224.120.127'),
(92, 0, 'liuyuying', 'liuyuying', '913dd10bf9b4daea1e9829d50ebb8da716bb7d2e', '刘玉莹', NULL, 0, '942235576@qq.com', 3, 2, '1374217929', '1374198880', 2, NULL, '1389888000', 2, '219.148.154.112'),
(93, 0, 'lurenjie', 'lurenjie', 'f00923de7f27c3e0e4b473c84952ccfda4e15b3f', '陆仁杰', NULL, 0, 'lrj825@163.com', 3, 2, '1374457500', '1374198913', 2, NULL, '1389715200', 2, '121.228.35.152'),
(94, 0, 'yingxiaobo', 'yingxiaobo', '5fb76dad6d0b566e8b180b18c1a62992d9434d64', '应小波', NULL, 0, '52548571@qq.com', 3, 1, '1374199463', '1374198944', 2, NULL, '1389888000', 2, '101.224.120.127'),
(95, 0, 'quyougen', 'quyougen', 'cf2976c09de5404da29f44d5f7580fbb93ae3887', '长沙贝特服装有限公司', 'http://www.zgbt88.com', 0, '357663582@qq.com', 3, 50, '1379746671', '1374198976', 2, NULL, '1389888000', 2, '218.104.151.38'),
(96, 0, 'lukang', 'lukang', 'b341fa3cb52d26d50453cab37f34e551b945b63d', '和润商业购物广场', '和润商业购物广场', 0, '1815258886@qq.com', 3, 19, '1378801546', '1374199005', 2, '', '1389888000', 2, '182.126.23.3'),
(97, 0, 'yujianzhi', 'yujianzhi', '549827b4ef5ab5330b2717bcf2d1c1c94fe26056', '于建芝', NULL, 0, '1069819297@qq.com', 3, 1, '1374219077', '1374218920', 2, NULL, '1389888000', 2, '58.38.191.48'),
(146, 86, 'guruilan', 'heshengqin', '197c49f2dd9d3bd9409bf689ba6d962a9451c6fb', '乐嘉', NULL, 0, '654180065@qq.com', 5, 0, NULL, '1375512851', 2, NULL, '', 1, NULL),
(101, 69, 'dev', 'dev2', '87835653f7f79d15420fc69988bdadcd623b1314', 'dev2', NULL, 0, 'dev@youtitle.com', 5, 3, '1374392045', '1374317658', 2, NULL, '', 1, '58.38.191.48'),
(102, 0, 'xinweiling', 'xinweiling', 'e2b95b024422ec208d29dd57ed7ff3f67331f2ed', '辛蔚菱', '身心灵力量', 0, '1424034220@qq.com', 3, 4, '1377829366', '1374480628', 2, '', '1390320000', 2, '101.228.13.234'),
(104, 0, 'hanweiqing', 'hanweiqing', '60beb37817690f163b6477b46633d9d519ef7401', '韩伟庆', NULL, 0, 'cn@cnway.cn', 3, 3, '1378275994', '1374482091', 2, '', '1390320000', 2, '222.64.38.76'),
(107, 0, 'liucaixia', 'liucaixia', '284ec64ff982260443ca482da0cb98ded1de990c', '广州艺臻广告策划有限公司', '', 0, '1625629523@qq.com', 3, 3, '1376914028', '1374566285', 2, '', '1390233600', 2, '14.151.29.112'),
(143, 69, 'dev', 'yalong22', '3d4f2bf07dc1be38b20cd6e46949a1071f9d0e3d', 'yalong22', NULL, 0, 'xianggui@qq.com', 5, 0, NULL, '1374919635', 2, NULL, '', 1, NULL),
(110, 0, 'lixinfang', 'lixinfang', 'd668b447363f2ac396bac2815e65e40d0f2abae1', '李欣芳', NULL, 0, '773913906@qq.com', 3, 2, '1374829929', '1374568243', 2, '', '1390233600', 2, '182.146.171.36'),
(114, 27, 'yalong', 'yalong3', 'da39a3ee5e6b4b0d3255bfef95601890afd80709', 'yalong3', NULL, 0, 'yalong3@youtitle.com', 5, 0, NULL, '1374593176', 2, NULL, '', 1, NULL),
(115, 0, 'zhaoming', 'zhaoming', '8711a246b34d44af0fa035128ab0a195031bfb44', '赵明[暂不开通]', NULL, 0, '1466460278@qq.com', 0, 0, NULL, '1374653988', 2, '16800客户要求暂不开通', '1390147200', 0, NULL),
(118, 0, 'xianggui', 'xianggui', 'd407de5c5fc8013ed2b4e51d762d14674af320d9', '湘贵实业', '湘贵实业', 1, '16305749@qq.com', 3, 36, '1379983679', '1374803338', 2, '亚龙2013-7-25要求免费开通的朋友', '1406304000', 2, '175.0.63.0'),
(119, 95, 'quyougen', 'LLL372789968', '33028a76c4972661e1edbe5559ce042e307eef71', '江华', NULL, 0, '372789968@qq.com', 5, 1, '1374823033', '1374822671', 2, '', '', 1, '119.39.101.161'),
(121, 27, 'yalong', 'yalong4', 'c8ef916780d8030902114762ae4aa3c0eecd4586', 'yalong4', NULL, 0, 'yalong4@qq.com', 5, 3, '1376754284', '1374825075', 2, NULL, '', 1, '101.80.76.68'),
(122, 0, 'xujingqian', 'xujingqian', 'b58cf603a8e48003c4ed41d54b09e7cc9063bfdf', '徐镜钱', '复盛压缩机', 0, 'ywjucai@hotmail.com', 3, 92, '1378949095', '1374825170', 2, '', '1390492800', 2, '122.242.111.80'),
(144, 27, 'yalong', 'yalong5', '41f5bd59c3e1763bb24272fa6a8b2d36dedae903', 'yalong5', NULL, 0, 'yalong5@qq.com', 5, 5, '1380006890', '1374935407', 2, NULL, '', 1, '58.38.186.187'),
(147, 0, 'veigou', 'veigou', '148df1dcbb150935f69064b48e0b763b22f366f2', '唯购微电商', '唯购微商城旗舰店', 0, 'janice@youtitle.com', 3, 9, '1377615904', '1375688317', 2, '', '', 2, '58.38.141.25'),
(148, 0, 'jiangyuan', 'jiangyuan', '70a52a72b291bdc42a30b45fab19956814da901d', '江元文化', '江元移动商城', 0, '138300791@qq.com', 19, 58, '1379123154', '1375768869', 1, '房俊朋友，胡璋的', '1412006400', 2, '118.212.112.142'),
(149, 0, 'shengzhuojun', 'shengzhuojun', 'fb082a600a2601dd575bcba36476c324328d99d9', '幸福伴侣', '性福伴侣', 1, '1917648986@qq.com', 3, 135, '1380009472', '1376038172', 2, '', '1407427200', 2, '183.146.89.74'),
(150, 0, 'www', 'www', '05fe484c89903e22e37a191f582e6a5d47d31063', '游太商城', '游太商城', 0, 'www@youtitle.com', 3, 7, '1376447532', '1376361262', 2, NULL, '', 2, '222.64.133.89'),
(151, 0, 'huatai', 'huatai', 'ece45eda1322a96d91f4e79c5ada7b897dd659db', '华泰证券上海分公司', '华泰证券上海分公司', 0, '81685515@qq.com', 2, 4, '1378821640', '1376446672', 1, '房俊朋友，张力', '1408032000', 2, '222.65.123.26'),
(152, 70, 'dy-design', 'DYDS2000', 'c30a5bc9d55e8d4c117dd9859a8d8cf508018ea6', '多元蒂莎2000', NULL, 0, '2320594378@qq.com', 5, 0, NULL, '1376481977', 2, NULL, '', 1, NULL),
(154, 27, 'yalong', 'yalong6', '88ee913e8638d59a69581199adb5d5490cdda204', 'yalong6', NULL, 0, 'yalong6@qq.com', 5, 3, '1376990242', '1376755199', 2, NULL, '', 1, '58.38.188.181'),
(155, 0, 'yangjiafu', 'yangjiafu', '9b8c02fed3901e82728d18f32bb0369743b22c35', '杨家富测试帐号', NULL, 0, '110877383@qq.com', 3, 1, '1376790241', '1376790206', 2, '', '', 2, '58.32.212.189'),
(156, 27, 'yalong', 'yalong7', '7d8840de79f51570f50611a1d5c69c49f859bd33', 'yalong7', NULL, 0, 'yalong7@qq.com', 5, 4, '1376792694', '1376790848', 2, NULL, '', 1, '58.38.143.168'),
(157, 27, 'yalong', 'yalong8', '0b525225a772425f1a77d2f9f570ccf07d9e8a76', 'yalong8', NULL, 0, 'yalong8@youtitle.com', 0, 1, '1376827501', '1376827497', 2, NULL, '', 1, '58.38.143.168'),
(159, 0, 'weizhan', 'weizhan', '57076d4c53a481fac3ee02fc2274360484da663c', '微站', '微站', 0, 'weizhan@126.com', 19, 39, '1380072122', '1377359100', 1, NULL, '', 2, '58.219.232.239'),
(214, 0, 'shop21610821', 'shop21610821', '50546c06222128312331694acaa4d2a31bcdac0e', '张家春', '新用户', 0, 'ds06225@126.com', 4, 7, '1379770588', '1377492233', 2, NULL, '1408982400', 2, '223.167.94.118'),
(212, 0, 'crystal', 'crystal', '0d1eabb93f1e34cc136dafd51b62b6683ff87780', '白成超', '揭秘总裁行销广场', 0, '1019335626@qq.com', 4, 37, '1379920141', '1377506189', 2, '', '1408982400', 2, '114.94.121.145'),
(211, 0, 'qiuchuanhua668', 'qiuchuanhua668', 'df81702afebeb4dd10a94d7b6c7cf67ec0f92943', '丘传华微商城-演示店', '邱传华微营销', 0, '318058502@qq.com', 4, 14, '1379691829', '1377508556', 2, NULL, '1408982400', 2, '101.80.78.88'),
(210, 0, 'yuanyuan66', 'yuanyuan66', 'e9538322385dc97b6fba9ffa6f5d90387a98fce8', '熊媛媛', '亚龙微营销', 0, '624251607@qq.com', 4, 7, '1379666672', '1377509624', 2, NULL, '1408982400', 2, '101.86.242.77'),
(359, 0, 'puye888', 'puye888', '416c0a402df76dbd2ad2e080017f9f99171fcaed', '蒲也', '总裁行销攻略官方微商城', 0, '382581743@qq.com', 4, 17, '1379994049', '1378269388', 2, NULL, '1409760000', 2, '114.94.121.145'),
(364, 214, 'shop21610821', 'yanhuangzisunhuanbaoyijiaren', 'c19b0c4f19989be317507607100594ff4d11cbaa', '炎黄子孙环保一家人', NULL, 0, 'ds06225@126.com', 0, 0, NULL, '1378275704', 2, NULL, '', 1, NULL),
(208, 0, 'wangtao520', 'wangtao520', '8bbecb1e5b22c47b81b55515399960f012ba2479', '王涛', '微购天下', 0, '474607710@qq.com', 4, 10, '1378726644', '1377499257', 2, NULL, '1408982400', 2, '112.65.184.138'),
(207, 0, 'liwenhe', 'liwenhe', '15fef49c20907f56cfe90e7f43689d16bcd9ff15', '正能量', '正能量文化传播', 0, '1070908179@qq.com', 4, 6, '1380082369', '1377774646', 2, '', '1408982400', 2, '101.244.0.145'),
(205, 0, 'duqiang', 'duqiang', '048b6181da6f2e62e68d7c997fa3c2f32c9fc541', '杜强', '微营销 演示店', 0, '18659991085@163.com', 4, 16, '1379638523', '1377499190', 2, '', '1408982400', 2, '112.97.36.189'),
(204, 0, 'wanghu', 'wanghu', '04b57a0b3978abae440eaeaaab4ca77a27823fbd', '可锐影视', '可锐影视', 0, '601760763@qq.com', 4, 5, '1377581439', '1377507158', 2, NULL, '1408982400', 2, '116.226.56.245'),
(202, 0, 'zhengqingyue', 'zhengqingyue', '5b2223bbc1b0c9898914729bff53d6dfc90df384', '郑晴越', '新用户', 0, '1058490723@qq.com', 4, 2, '1377506911', '1377506888', 2, NULL, '1408982400', 2, '114.94.123.120'),
(200, 0, 'dutiesuo', 'dutiesuo', '99fdc8c40bb06abf594f04b2c433389f20507437', '上海领航者产业集团', '易购宝体验店', 0, '2380636619@qq.com', 4, 10, '1379686139', '1377502268', 2, NULL, '1408982400', 2, '58.246.222.150'),
(190, 0, 'fangting0908', 'fangting0908', '326fa24218d49623bcc36776873c8381eb278b03', '新用户', '新用户', 0, '979756574@qq.com', 4, 2, '1377508447', '1377508423', 2, NULL, '1408982400', 2, '114.94.127.110'),
(191, 0, 'zhaoxiaoxia', 'zhaoxiaoxia', '2c6e0bbf314ad51ec4ed72347f791817951bc71a', '赵小霞', '亚龙微营销', 0, '1173859655@qq.com', 4, 2, '1377507040', '1377507001', 2, NULL, '1408982400', 2, '114.94.123.120'),
(193, 0, 'yefachao5188', 'yefachao5188', '20c04beafaeb10aebdf0529b061d3aaf91fa941f', '上海领航者产业集团', '微商城1号旗舰店', 0, '1423065690@qq.com', 4, 28, '1379861852', '1377495534', 2, NULL, '1408982400', 2, '116.226.45.14'),
(376, 0, 'crazyenglish', 'crazyenglish', '96cdf50ec7b9b2c9eb90edcfabd54905be1b4487', '上海疯狂英语', '唯购', 0, '2839799884@qq.com', 4, 2, '1378804823', '1378804805', 2, NULL, '1410278400', 2, '101.45.184.62'),
(194, 0, 'zhangpeng888', 'zhangpeng888', 'e6f1d190a1dd34437a5345811ed13758e316dfc9', '张鹏营销', '营销兵器谱', 0, '56906651@qq.com', 4, 10, '1377737126', '1377505302', 2, NULL, '1408982400', 2, '112.65.184.138'),
(196, 0, 'shop520', 'shop520', '4971ae91f906ca2fb484b9f9a73fade95bc92b99', '微电商平台', '微营销微商城', 0, '1195613907@qq.com', 4, 20, '1379323295', '1377493637', 1, NULL, '1408982400', 2, '101.228.128.1'),
(197, 0, 'pengkai', 'pengkai', '4bd02bcb0e93d6375abd831a1fea3d9fb600f60c', '彭凯', '微电商', 0, '457249098@qq.com', 4, 17, '1379142741', '1377494026', 1, NULL, '1408982400', 2, '101.228.12.90'),
(198, 0, 'zhangding', 'zhangding', '21dfe576df23c0c229ecdcbc44bc468cbd3ce3fd', '领航者产业集团', '正能量微商城', 0, '1320628674@qq.com', 4, 93, '1380084737', '1377506122', 2, '', '1408982400', 2, '101.228.8.95'),
(199, 0, 'shop43379899', 'shop43379899', '3a6b205bffcf2e830c1b4d87fcc05763f19df208', '上海领航者集团', '微商城体验店', 0, '2439125291@qq.com', 4, 38, '1380074894', '1377492939', 2, '', '1408982400', 2, '101.228.8.95'),
(215, 0, 'caoyang', 'caoyang', 'c9c4878cedad19feb67966cd8554e96a5e6d1de6', '曹杨', '红星宣纸特供', 0, '1295032294@qq.com', 4, 5, '1377492676', '1377491603', 2, NULL, '1408982400', 2, '222.64.135.8'),
(331, 209, 'shop41642808', 'zcxxgl', '416c0a402df76dbd2ad2e080017f9f99171fcaed', '总裁行销攻略客服', NULL, 0, '382581743@qq.com', 0, 1, '1377513598', '1377513558', 2, NULL, '', 1, '116.226.56.245'),
(217, 0, 'sxk19910604', 'sxk19910604', 'a151c5c3bf41368a907485d4aa78727ed30b134c', NULL, NULL, 0, NULL, 4, 4, '1378540044', '1377507648', 2, NULL, '1408982400', 2, '101.228.8.95'),
(219, 0, 'zhangzhongfeng', 'zhangzhongfeng', 'ef77f6c6e7bf1a7f6a08ac3456509947ae7e27fc', '张中峰', '招商一号旗舰店', 0, '2643266762@qq.com', 4, 57, '1379646547', '1377523109', 1, '', '1408982400', 2, '112.65.184.138'),
(383, 0, 'dobochn', 'dobochn', 'c184e9c3b34ee53261bd21e89e3421b3ebd345c9', 'DOBO名奢馆', NULL, 0, 'hnzhihong@163.com', 0, 0, NULL, '1378962390', 2, NULL, '1394514390', -1, NULL),
(221, 0, '888888', '888888', '286960df322487dd8e1e8ffbf6466d139f1c9dda', '新用户', '新用户', 0, '', 4, 2, '1377506710', '1377506701', 2, NULL, '1408982400', 2, '114.86.224.138'),
(222, 0, 'ranzhumei', 'ranzhumei', 'f3bb31807ac5ded48a9d8e374fac98fa4a17db1f', '冉竹梅', '新用户', 0, '491375982@qq.com', 4, 2, '1377510865', '1377510830', 2, NULL, '1408982400', 2, '116.226.68.89'),
(223, 0, 'shop80231314', 'shop80231314', '006cd2bc17a083decc6ded932e1bf0061eddcb92', '正能量励志名言王浩宇', '正能量励志名言微商城', 0, 'cio_365@163.com', 4, 23, '1379509638', '1377525013', 2, '', '1408982400', 2, '114.94.127.231'),
(224, 0, 'lhgj888', 'lhgj888', 'aaa82c02ea8714451ca5f832a7c5a049008170e2', NULL, NULL, 0, NULL, 4, 22, '1379404931', '1377519222', 2, '', '1408982400', 2, '101.228.128.1'),
(226, 0, 'lixixi', 'lixixi', '3aa2c5f9520e35245249e41922fdef849293a062', '黎熙熙', '新用户', 0, '801191@qq.com', 4, 3, '1378198294', '1377531579', 2, NULL, '1408982400', 2, '101.228.133.105'),
(227, 0, 'apple101314', 'apple101314', '6c4299bffd155c1733761596f3b37d14db4af1a8', '杨宇清', '新用户', 0, '269376005@qq.com', 4, 5, '1378205560', '1377508758', 2, NULL, '1408982400', 2, '101.228.133.105'),
(228, 0, 'zhangmaogong', 'zhangmaogong', 'c0bd7032d41aeee516c945e337b0c6ab44cc0aa6', '张茂功', '张辉营销学院旗舰店', 0, 'zhangmaogong@qq.com', 2, 22, '1378893439', '1377508644', 2, '', '1408982400', 2, '112.65.184.138'),
(346, 0, 'janice', 'janice', '900f7f024238a9bcb8da9eefc05b188234b37565', 'Janice', '演示店', 0, 'janice@qq.com', 4, 3, '1378634386', '1378617988', 2, NULL, '1409587200', 2, '58.38.155.100'),
(363, 0, 'feifei', 'feifei', 'a898f230cdd1f0689a353b34a7ac0a4e4fb7a3e2', '高飞飞', '飞飞微商城', 0, '694288858@qq.com', 4, 7, '1379594547', '1378269435', 2, NULL, '1409760000', 2, '116.233.197.95'),
(352, 350, 'jxhmsp', 'hm_lulu', '42015cb01f77eebf97d1a9dbe6290d6227f028f2', '杨露', NULL, 0, 'yanglu1990me@qq.com', 5, 2, '1378944620', '1378090638', 2, NULL, '', 1, '117.40.227.189'),
(269, 0, 'yinlian', 'yinlian', 'f99ccc6ce364c52fca87eaff666a265f83a6bc96', '刘坚', '银联微商城', 0, 'kphn@sina.cn', 3, 12, '1378900917', '1377743715', 2, NULL, '1409500800', 2, '27.17.109.255'),
(270, 0, 'psperfume', 'psperfume', '00f3a340981d04bcefd66ba311a51a6ee26271f6', '诗柏轩', '诗柏轩香水微商城', 0, 'summer.xia@specialx.cn', 3, 11, '1379388693', '1378306346', 2, NULL, '1409500800', 2, '125.112.100.177'),
(271, 0, 'inteldisplay', 'inteldisplay', '9b8d952d66225682bc93a4947f4253661faaeb29', '慧显科技', '新用户', 0, 'weixin@inteldisplay.com', 3, 5, '1379814928', '1379469344', 2, '', '1409500800', 2, '140.206.81.70'),
(272, 0, 'newtrip', 'newtrip', '4c8f6128a59bd487bddb640c47d43d1ec01a08ea', '王珂', '新用户', 0, '2755086056@qq.com', 3, 2, '1377741627', '1377741591', 2, NULL, '1409500800', 2, '119.62.127.221'),
(273, 0, 'yafoopet', 'yafoopet', 'b46afffc68756c2016d08326c0997e571356c256', '亚福宠物商城', '亚福宠物商城', 0, '1136347885@qq.com', 3, 11, '1380011583', '1377751866', 2, NULL, '1409500800', 2, '122.71.148.217'),
(274, 0, 'weishenghuo', 'weishenghuo', '8b477dc94cfa953533afe26c0b68ef068f4a1471', '李海龙', '微生活购物商城', 1, '119796715@qq.com', 3, 53, '1380009456', '1377759934', 2, '', '1409500800', 2, '112.65.184.138'),
(275, 0, 'shop84584002', 'shop84584002', '290283c503f1118914dd74cc24b6bde415e4930a', '新用户', '新用户', 0, NULL, 3, 0, NULL, '0', 2, NULL, '1409500800', 0, NULL),
(276, 0, 'liangcai', 'liangcai', 'a0b813e1fa175e5f816bad6c8279ad2aa34b4e72', '王诚科', '新用户', 0, '158943392@qq.com', 3, 1, '1377744177', '1377744816', 2, NULL, '1409500800', 2, '112.65.184.138'),
(277, 0, 'bishoutang0018', 'bishoutang0018', 'be27de48e38ad0119b226079bf0e5faa6ac93123', '必瘦堂', '减肥瘦身', 0, '1300146778@qq.com', 3, 6, '1378190858', '1377741388', 1, '', '1409500800', 2, '222.128.174.191'),
(278, 0, 'sbf840663856', 'sbf840663856', '9641ff1c2fa5d752ed59bdba40652287af3400a9', '义乌帅娃婴儿用品', '帅娃婴儿用品', 0, '840663856@qq.com', 3, 7, '1377867729', '1377739667', 2, '', '1409500800', 2, '61.153.254.194'),
(279, 0, 'huashi', 'huashi', '657c79d47c12550aa9986e3b4f0e606979a8955b', '黄光华', '华是学院MBA/MPA辅导上海站', 0, 'cicihua2005@126.com', 3, 5, '1378104294', '1377741958', 2, NULL, '1409500800', 2, '114.91.67.190'),
(280, 0, 'suzhongnanrencai', 'suzhongnanrencai', '680cb94eb5f6470b11e4b11cdf70005ef0760b9b', '苏中南人才', '新用户才', 0, '15189115081@126.com', 3, 8, '1378429292', '1377741911', 2, '', '1409500800', 2, '121.232.240.220'),
(281, 0, 'miaojiayizhai888', 'miaojiayizhai888', 'f25262d38c2ace424e864ba455110134b36a21c2', '苗家彝寨农家土特产', '苗家彝寨农家土特产', 0, '1650955359@qq.com', 3, 4, '1377761010', '1377739790', 2, NULL, '1409500800', 2, '119.62.124.125'),
(282, 0, 'dylyq0008', 'dylyq0008', '7b3d78331e444c3f80d875678b05892bab2f5157', '奇奇', '新用户', 0, '876917858@qq.com', 3, 4, '1378875115', '1377763058', 2, NULL, '1409500800', 2, '123.156.224.212'),
(283, 0, 'shop20213448', 'shop20213448', 'e03be17c453d2a3fcceaacd7c4fb9bf4074eacad', '新用户', '新用户', 0, NULL, 3, 0, NULL, '0', 2, NULL, '1409500800', 0, NULL),
(284, 0, 'shop54859134', 'shop54859134', 'd17c8fee45ec3879680fe50a107878ced57470e0', '新用户', '新用户', 0, NULL, 3, 0, NULL, '0', 2, NULL, '1409500800', 0, NULL),
(285, 0, 'jinfeng4009057588', 'jinfeng4009057588', '1731c66229d9fe4e2baa64dc5c6bc67ff745a041', '劲风汽车服务连锁', '劲风汽车连锁服务', 0, '189282424@qq.com', 3, 30, '1379471871', '1377741275', 2, NULL, '1409500800', 2, '183.145.163.99'),
(286, 0, 'yangxiezi', 'yangxiezi', '259d2e512ccaead8344125a84c1cf7997a598426', '陈胜营', '禧福祥羊蝎子', 1, '340677693@qq.com', 3, 38, '1379992497', '1377741455', 2, '', '1409500800', 2, '124.235.163.171'),
(288, 0, 'boyachuanmei', 'boyachuanmei', 'c01608ab3aa24401e00fef8a630a6d1ed5cfcee1', '博亚商城', '博亚商城', 0, '2256636586@qq.com', 3, 5, '1377770012', '1377743428', 2, NULL, '1409500800', 2, '114.94.126.88'),
(398, 390, 'cygmacel', 'qdw123456', '6c9046e312d02c404c10b0619c886d91bd00b9e5', 'qdw', NULL, 0, 'qdw@163.com', 5, 0, NULL, '1379994824', 2, NULL, '', 1, NULL),
(393, 274, 'weishenghuo', 'maozwei', 'b94169966d233e112e54440b08588abf5fd31716', '毛樟伟', NULL, 0, 'maozwei-163@163.com', 5, 1, '1379903426', '1379903299', 2, NULL, '', 1, '58.101.112.3'),
(290, 0, 'woaini520', 'woaini520', '2710c905d74b9709ce6f9736e03318c1b3987a05', '邓松华', '名表世家', 0, '285686246@qq.com', 3, 23, '1380034391', '1377912894', 2, '', '1409500800', 2, '27.17.99.48'),
(291, 0, 'shop41952836', 'shop41952836', '93f314b2ecaf5083fc550f7c2feaddf877c99b4c', '新用户', '新用户', 0, NULL, 3, 1, '1377761355', '0', 2, NULL, '1409500800', 0, '101.84.193.202'),
(292, 0, 'jiangxingchen', 'jiangxingchen', '736e259311334998601cb09f7894301e4fe9f624', '江幸辰原创设计师', '新用户', 0, '464476191@qq.com', 3, 2, '1377738702', '1377738641', 2, NULL, '1409500800', 2, '112.65.184.138'),
(293, 0, 'coway8888', 'coway8888', '0d002c22fe012830c1478c94187259d4325fb7e1', '云南健康养生', '云南养生', 0, '1159022821@qq.com', 3, 2, '1377742414', '1377742306', 2, NULL, '1409500800', 2, '112.97.37.93'),
(294, 0, '400800', '400800', '55ecadbb589a0f05a7fd4a809b8e0d016bedd25b', '糖糖圈', '开发记忆力潜能', 0, '102783218@qq.com', 3, 3, '1378179323', '1377743734', 2, '', '1409500800', 2, '222.64.130.15'),
(296, 0, 'armati', 'armati', '75df108521f21c9802a47f5082148d4b3912830d', '温海成', '新用户', 0, 'armati@163.com', 3, 9, '1380002544', '1377741419', 2, NULL, '1409500800', 2, '183.238.218.182'),
(297, 0, 'gltfloor', 'gltfloor', '62c49af10f846b1cc3d86f628f7c4bd2f4dd9634', '江苏格兰特木业有限公司', '大学生微商城', 0, 'gltfloor@qq.com', 3, 19, '1380033709', '1377740170', 2, '', '1409500800', 2, '114.222.118.224'),
(298, 0, 'minjianlvye', 'minjianlvye', '65c4f68ba53832c821b41301edc0063e15f53ce5', '上海闽坚铝业', '新用户', 0, '705400321@qq.com', 3, 3, '1379984389', '1379900036', 2, NULL, '1409500800', 2, '180.175.30.20'),
(299, 0, 'kevenn', 'kevenn', '41d051a213b8cf8c3e5a76ae43fc51857ef60de4', '卡文', '卡文商城', 0, '134450@qq.com', 3, 9, '1378661554', '1377757442', 2, NULL, '1409500800', 2, '14.144.105.184'),
(308, 0, 'elecogift', 'elecogift', '5c1a7c109d101a51b18823431bf391a1223f9aad', '王奎', '萌兔兔家具用品', 1, 'billy.wang@elecogift.com', 3, 50, '1380076813', '1377741261', 2, '', '1409500800', 2, '116.21.83.136'),
(309, 0, 'sunday', 'sunday', '40b78d6d3bd682364866cb8713bb84c4ecce63f8', 'oscar', '仙蒂微店', 0, 'oumichina@gmail.com', 3, 26, '1380030510', '1377739204', 2, NULL, '1409500800', 2, '119.108.180.94'),
(310, 0, 'yuxidmg', 'yuxidmg', 'a649c382963cd190c3534016a650a4b24cae1245', 'Hellen', '新用户', 0, '18687764411@163.com', 3, 4, '1377759359', '1377741847', 2, NULL, '1409500800', 2, '112.65.184.138'),
(311, 0, 'luomai', 'luomai', 'c628ef590954c55c225c59b1123a3c64e9af64bd', '夏咸云', '云姐罗麦旗舰店', 1, '1625560351@qq.com', 3, 33, '1379864833', '1377742966', 2, '', '1409500800', 2, '122.194.1.166'),
(312, 0, '751132558', '751132558', '0b793403ff9152d1ea052e7f85546fb9d23d32a8', '金滇格', '新用户', 0, '751132558@qq.com', 3, 4, '1377769658', '1377737962', 2, NULL, '1409500800', 2, '114.94.126.88'),
(313, 0, 'shop29038750', 'shop29038750', '3d09a1ea93d650862d7cde4080f02795985f21db', '刘玥', '新用户', 0, 'czliu31@163.com', 3, 2, '1377741771', '1377741575', 2, NULL, '1409500800', 2, '122.96.42.139'),
(315, 0, 'hlyzgw', 'hlyzgw', '5e0ecb638fdfa5ca3573d90a3501caa1e5e501b8', '卓星辉', '潮男营地', 0, '386465439@qq.com', 3, 10, '1378306885', '1377741751', 2, '', '1409500800', 2, '117.149.69.90'),
(316, 0, 'guangxinxmt', 'guangxinxmt', '76f15d313f61a0fa6f973f4d9ac4c869b6826aab', '广信新媒体', '新用户', 0, '1248890721@qq.com', 3, 2, '1377739349', '1377739329', 2, NULL, '1409500800', 2, '101.84.196.74'),
(317, 0, 'caisongjin', 'caisongjin', '05097c17ee7ac28f0cc8388bd67be6901bbe955d', '爱尚8旅游健康频道', '爱尚8旅游健康频道', 0, 'csj7106@126.com', 3, 10, '1378543667', '1377746190', 2, NULL, '1409500800', 2, '114.249.50.152'),
(318, 0, 'weihaoran1990', 'weihaoran1990', 'f8404dd72369fc873ba456070d5fbfa5a7317079', 'weihaoran', '魏健营养油', 0, 'weihaoran518@163.com', 3, 7, '1378267316', '1377740717', 2, NULL, '1409500800', 2, '123.11.21.252'),
(319, 0, 'huranmei', 'huranmei', '6dd4677e1240da36c5c7333e98b30c28856f5610', '忽然美健康管理公司', '忽然美健康管理旗舰店', 0, '381339727@qq.com', 3, 6, '1378689334', '1377743292', 2, '', '1409500800', 2, '123.148.187.112'),
(320, 0, 'xilongjiafang', 'xilongjiafang', 'e1114215469c836dd37685ddedd76363fff4e357', '希隆家纺', '希隆家纺', 0, '15358935873@189.cn', 3, 7, '1380081498', '1377744044', 2, NULL, '1409500800', 2, '117.85.162.150'),
(321, 0, 'huzheming', 'huzheming', '3158c5797e78022ce6ba2866adf7258c415aaa71', '胡哲铭', '宁波餐饮预订', 0, '200828569@qq.com', 3, 7, '1380002917', '1379578388', 2, NULL, '1409500800', 2, '112.65.184.138'),
(322, 0, 'csshg888888', 'csshg888888', '33f2ccc5c3875f709604f8abf61d65048579d1c4', '蔡氏生活馆', '新用户', 0, '15052907658@163.com', 3, 8, '1378022860', '1377745102', 2, NULL, '1409500800', 2, '49.71.194.246'),
(323, 0, 'wxl338', 'wxl338', '48c3424ae15e5e11f09c95526a6d62d8a1861a09', '衡爱凝美容有限公司', '衡爱凝商城', 0, '652237167@qq.com', 3, 22, '1380075660', '1378712767', 2, '', '1409500800', 2, '222.76.68.22'),
(324, 0, 'chongqing', 'chongqing', '7c4a8d09ca3762af61e59520943dc26494f8941b', '杨先生', '重庆测试', 0, 'yalong@qq.com', 3, 16, '1379839687', '1378449537', 2, NULL, '1409500800', 2, '113.204.35.138'),
(325, 0, 'znlshop', 'znlshop', 'eeb4a6128df56aec2f16e9bafd55c68895286829', '正能量  微网站', '正能量商圈', 1, '13818385613@vip.163.com', 18, 173, '1380083174', '1378392949', 1, '', '1409500800', 2, '58.38.186.187'),
(326, 0, '6shun9', '6shun9', '5252fa3930a8f0944364f995835e6208a30264b6', '6顺9酒', '新用户', 0, '1728327686@qq.com', 3, 15, '1379497352', '1377742249', 2, NULL, '1409500800', 2, '123.67.2.88'),
(327, 0, 'shechipin33', 'shechipin33', '1efd45659e58b2a6ed2fcbfa11980a273ad9b097', '王思雨', '奢侈品原单工厂', 0, '1641241662@qq.com', 3, 25, '1379833619', '1377744150', 2, NULL, '1409500800', 2, '180.158.38.218'),
(328, 0, 'meilianzhonghe', 'meilianzhonghe', 'a467a801b6d1bca57b10c0df32b2a666d8192f65', '美联众合', '美联众合动物医院', 0, 'xwm0688@126.com', 3, 5, '1377746832', '1377742370', 2, NULL, '1409500800', 2, '140.206.88.86'),
(329, 222, 'ranzhumei', '15321785@qq.com', 'f3bb31807ac5ded48a9d8e374fac98fa4a17db1f', 'xyz', NULL, 0, '491375982@qq.com', 0, 0, NULL, '1377511014', 2, NULL, '', 1, NULL),
(330, 0, 'weishangcheng', 'weishangcheng', 'a6524d476821f9217c9b4d2201c748315518cf67', '微商城体验中心', '微商城体验中心', 0, 'zhs2007.love@163.com', 4, 4, '1377527887', '1377521507', 2, NULL, '1408982400', 2, '118.133.185.16'),
(357, 0, 'zxm784533', 'zxm784533', '69488acbe25897ff94e279d6ea613bfe8ec2741b', '猪猪坐垫抱枕', NULL, 0, 'aichexue@126.com', 0, 0, NULL, '1378188367', 2, NULL, '1393740367', 0, NULL),
(332, 208, 'wangtao520', 'msmk188', '8bbecb1e5b22c47b81b55515399960f012ba2479', '美食美客', NULL, 0, '282057098@qq.com', 0, 1, '1377539778', '1377539715', 2, NULL, '', 1, '116.232.74.109'),
(345, 0, 'shop84918954', 'shop84918954', 'c52871264821cea458d1fa98b6efcbb0e2951882', '刘宝书', NULL, 0, '318579950@qq.com', 4, 18, '1379642850', '1378093343', 2, NULL, '1409587200', 2, '114.88.243.92'),
(334, 0, 'jiangshan', 'jiangshan', '5a3f0b5575ff8efed3eb740b90ad2a3b0abfcc40', '江山', '新用户', 0, '70139841@qq.com', 2, 23, '1379989333', '1377655994', 2, '', '1409500800', 2, '58.38.186.187'),
(349, 0, 'youziyouwei', 'youziyouwei', 'f868f59445f3e72d465d490922388c2e8f56450d', '亓长兵', '唯购', 0, '386548147@qq.com', 3, 9, '1379502680', '1378274523', 2, NULL, '1409760000', 2, '114.250.2.200'),
(350, 0, 'jxhmsp', 'jxhmsp', '42015cb01f77eebf97d1a9dbe6290d6227f028f2', '江西宏明食品有限公司', '宏明食品         移动商城', 0, '15707998899@qq.com', 3, 24, '1379991375', '1378087897', 2, NULL, '1409760000', 2, '117.40.227.189'),
(341, 269, 'yinlian', 'zhongsheng', '5c67514dc40323b3bd4a551d9116ef8e8c1f2805', '中升咖啡', NULL, 0, '294691519@qq.com', 5, 2, '1378089879', '1377752797', 2, NULL, '', 1, '59.172.101.250'),
(335, 102, 'xinweiling', 'dqy22113835', '7750ad5d7860f79b88a07a703d4f3ada2637ee2f', '东区中心幼儿园', NULL, 0, '1963659345@qq.com', 5, 0, NULL, '1377745198', 2, NULL, '', 1, NULL),
(336, 102, 'xinweiling', 'wawa22553616', 'd25a6ca512f72a78c246bfde3b335e758fa1c3a3', '中国娃娃早教中心', NULL, 0, '1499584661@qq.com', 5, 0, NULL, '1377745293', 2, NULL, '', 1, NULL),
(337, 102, 'xinweiling', 'xinling_yizhan', '1152725f86af1cc6ed648206ac68ba38ced39595', '心灵驿站', NULL, 0, 'xinweiling@126.com', 5, 0, NULL, '1377745397', 2, NULL, '', 1, NULL),
(338, 102, 'xinweiling', 'sxl_ll', '1152725f86af1cc6ed648206ac68ba38ced39595', '身心灵力量', NULL, 0, '707845809@qq.com', 5, 0, NULL, '1377745461', 2, NULL, '', 1, NULL),
(339, 102, 'xinweiling', 'yuer_xt', '7c40731b1aa5d840335d71e9ebcb27eb19642a93', '母婴亲子育儿早教学堂', NULL, 0, '1424034220@qq.com', 5, 0, NULL, '1377745591', 2, NULL, '', 1, NULL),
(340, 319, 'huranmei', 'clf13735066566', 'a7bd2206a2d765b5baa5a81a0dbe03256b04a454', '陈利芬', NULL, 0, '381339727@qq.com', 5, 0, NULL, '1377750500', 2, NULL, '', 1, NULL),
(367, 0, 'surprise666', 'surprise666', '027517babbbb3ecf94375c425cc581f773419482', '樊凯', '每天Surprise', 0, '646031858@qq.com', 4, 12, '1379580974', '1378345229', 2, '', '1409760000', 2, '112.84.117.131'),
(373, 327, 'shechipin33', 'shechipin333', '1efd45659e58b2a6ed2fcbfa11980a273ad9b097', '王思雨', NULL, 0, '1641241662@qq.com', 5, 1, '1379328783', '1378569038', 2, NULL, '', 1, '140.206.255.243'),
(377, 0, 'leddeng', 'leddeng', '45bdc60e31a10f26e8ba313c326a1887deabe5a3', '照明光电', NULL, 0, '632953618@qq.com', 0, 0, NULL, '1378826498', 2, NULL, '1394378498', -1, NULL),
(372, 0, 'shop08727666', 'shop08727666', '2cf3f1da7b93de70678f3a78ea0c5dd6dde15353', '金钥匙', NULL, 0, '1218688967@qq.com', 0, 0, NULL, '1378458641', 2, NULL, '1394010641', -1, NULL),
(374, 0, 'shop66066005', 'shop66066005', 'd8608436f506c615ae98405bc314330c283673c3', '新用户', '唯购', 0, NULL, 4, 0, NULL, '0', 2, NULL, '1410278400', 0, NULL),
(375, 0, 'shop75101504', 'shop75101504', '8badbdb22179363506c50d08629867b61e75822d', '新用户', '唯购', 0, NULL, 4, 1, '1378777994', '0', 2, NULL, '1410278400', 0, '116.226.36.189'),
(378, 0, 'lvfang0739', 'lvfang0739', 'c184e9c3b34ee53261bd21e89e3421b3ebd345c9', 'DOBO名奢馆', NULL, 0, 'lvfangcn@163.com', 0, 0, NULL, '1378889059', 2, NULL, '1394441059', -1, NULL),
(379, 0, 'dobo2013', 'dobo2013', 'c184e9c3b34ee53261bd21e89e3421b3ebd345c9', 'DOBO饰品', NULL, 0, 'lfolcn@163.com', 0, 0, NULL, '1378889667', 2, NULL, '1394441667', -1, NULL),
(381, 0, 'caoshaoguan', 'caoshaoguan', '0aad9082535bad4fd65194b1f05b1995098f7188', '源中瑞科技有限公司', NULL, 0, '2391851537@qq.com', 0, 0, NULL, '1378946127', 2, NULL, '1394498127', -1, NULL),
(382, 0, '254597313', '254597313', '7b744a40d13ce58b7f83e6a8c58458352c719e7f', '上海市', NULL, 0, '254597313@qq.com', 0, 0, NULL, '1378953319', 2, NULL, '1394505319', -1, NULL),
(384, 0, 'skybird', 'skybird', '6e5ec95592235be87b44aa95f411d9312640708d', '成都唯连科技', '', 0, '623247130@qq.com', 3, 6, '1379902869', '1379474056', 2, '', '1379952000', 2, '222.212.182.17'),
(385, 0, 'dtsbiluo', 'dtsbiluo', 'd7a686c1a3fb6923ff7fb192b9bbc8e04e01321f', '苏州市东山茶厂', NULL, 0, 'caifubaidu@vip.qq.com', 0, 0, NULL, '1379142624', 2, NULL, '1394694624', -1, NULL),
(386, 0, 'chenxin', 'chenxin', '1df46e86b42a78106f1716f72804c05ce626e8a2', '鑫兰格微电商', NULL, 0, '2801042829@qq.com', 0, 0, NULL, '1379230704', 2, NULL, '1394782704', -1, NULL),
(388, 149, 'shengzhuojun', 'xingfubanlu', '1249e7246e3e6dc1ade1ed9c401c99e28520a732', '幸福伴侣', NULL, 0, 'shengzhuojun@hotmail.com', 5, 0, NULL, '1379301668', 2, NULL, '', 1, NULL),
(389, 0, 'free7997mu', 'free7997mu', 'f7c3bc1d808e04732adf679965ccc34ca7ae3441', '打开了', NULL, 0, 'xyai1991@163.com', 0, 0, NULL, '1379409901', 2, NULL, '1394961901', -1, NULL),
(390, 0, 'cygmacel', 'cygmacel', 'f6fc6c16b57df88560ecec96eabf1d353b58606f', '恒酷网', '测试名称', 0, 'cygmacel@163.com', 3, 14, '1380000417', '1379830514', 2, '', '1380124800', 2, '124.162.23.194'),
(391, 0, 'sztonny', 'sztonny', '015c0d83e9a48d0439ac8f2d8109ba0fdf5ed03b', '深圳市世纪腾飞通信公司', NULL, 0, '1963837443@qq.com', 0, 0, NULL, '0', 2, NULL, '1395116672', -1, NULL),
(392, 0, 'yiju100', 'yiju100', '31651644b84367f15b8e2bc7b7ec802b1056bf19', '易居生活淘宝店', NULL, 0, 'yutianer@outlook.com', 0, 0, NULL, '0', 2, NULL, '1395194533', -1, NULL),
(395, 0, 'chfuyt', 'chfuyt', 'a959eb8e76a6aa1956c62735a0f8a35f1eba84d9', '永康市枫泰工贸有限公司', NULL, 0, '4849338@qq.com', 0, 0, NULL, '0', 2, NULL, '1395463099', -1, NULL),
(396, 0, 'k6xiao', 'k6xiao', '71830e15c4940cd95aa373839c5af5f791d2d596', '上海家康美乐', NULL, 0, '280202351@qq.com', 0, 0, NULL, '0', 2, NULL, '1395491575', -1, NULL),
(397, 0, 'shjkml', 'shjkml', 'd15061b3a1999a961b3503109e7479c3865405d6', '上海家康美乐', NULL, 0, '2031405492@qq.com', 0, 0, NULL, '0', 2, NULL, '1395492685', -1, NULL),
(399, 325, 'znlshop', 'szliulu', '1411678a0b9e25ee2f7c8b2f7ac92b6a74b3f9c5', '苏州正能量使者刘露', NULL, 0, '13818385613@139.com', 21, 5, '1380015072', '1380006480', 1, NULL, '', 1, '58.38.186.187');

-- --------------------------------------------------------

--
-- 表的结构 `users_config`
--

CREATE TABLE IF NOT EXISTS `users_config` (
  `id` int(4) NOT NULL AUTO_INCREMENT COMMENT '流水号',
  `uid` int(4) DEFAULT '0' COMMENT '上级用户id',
  `domain` varchar(50) DEFAULT '0' COMMENT '域名',
  `username` varchar(50) DEFAULT NULL COMMENT '账号',
  `password` varchar(50) DEFAULT NULL COMMENT '密码',
  `realname` varchar(50) DEFAULT NULL COMMENT '名称',
  `sitename` varchar(50) DEFAULT NULL COMMENT '网站名称',
  `attestation` tinyint(2) DEFAULT '0' COMMENT '商家实名企业证认',
  `email` varchar(255) DEFAULT NULL COMMENT '邮箱',
  `roleid` int(11) unsigned NOT NULL DEFAULT '0' COMMENT '用户角色',
  `loginCount` int(4) DEFAULT '0' COMMENT '登陆次数',
  `lastTime` varchar(11) DEFAULT NULL COMMENT '最后登录时间',
  `addtime` varchar(10) DEFAULT '0' COMMENT '添加时间',
  `userType` tinyint(2) unsigned NOT NULL DEFAULT '2' COMMENT '账户类别 0-系统账户 1-微站账户 2-微商城账户',
  `remark` text COMMENT '商户注备说明',
  `validity` varchar(10) DEFAULT NULL COMMENT '有效期',
  `power` tinyint(2) DEFAULT '-1' COMMENT '账号等级 -1、注册用户(未审核用户),0、未认证会员(库存) 1、普通账号 2、商户 3、管理员',
  `lastIP` varchar(20) DEFAULT NULL COMMENT '左后登录IP',
  PRIMARY KEY (`id`)
) ENGINE=MyISAM  DEFAULT CHARSET=utf8 AUTO_INCREMENT=400 ;

--
-- 转存表中的数据 `users_config`
--

INSERT INTO `users_config` (`id`, `uid`, `domain`, `username`, `password`, `realname`, `sitename`, `attestation`, `email`, `roleid`, `loginCount`, `lastTime`, `addtime`, `userType`, `remark`, `validity`, `power`, `lastIP`) VALUES
(1, 0, 'yjf', 'yjf', 'f865b53623b121fd34ee5426c792e5c33af8c227', '上海游太网络科技有限公司', '游太网络', 0, 'john@youtitle.com', 1, 492, '1380183853', '1370656694', 0, '', '1815926400', 3, '127.0.0.1'),
(2, 0, 'qqwwee', 'qqwwee', 'f4542db9ba30f7958ae42c113dd87ad21fb2eddb', '杨家富', NULL, 0, '110877383@qq.com', 3, 8, '1379936326', '1370656694', 2, '', '', 2, '222.64.136.104'),
(32, 2, 'qqwwee', 'qqq', 'a056c8d05ae9ac6ca180bc991b93b7ffe37563e0', 'qqq21', NULL, 0, 'qqq@qq.com', 5, 0, NULL, '1371907472', 2, NULL, '', 1, NULL),
(42, 0, 'john', 'john', '7b744a40d13ce58b7f83e6a8c58458352c719e7f', '房俊', '上海游太网络科技有限公司', 0, 'fangjun918@126.com', 3, 10, '1378191515', '1372667082', 2, NULL, '', 2, '222.64.130.15'),
(36, 0, 'doulao', 'doulao', 'ce4665117284d76bb6167b0182a8f66f61ba5acb', '鼎中鼎澳门豆捞', '鼎中鼎澳门豆捞', 0, 'doulao@126.com', 3, 104, '1377736950', '1372148427', 2, '', '1437753600', 2, '114.94.127.110'),
(19, 0, 'zzlf4s', 'zzlf4s', '1f82c942befda29b6ed487a51da199f78fce7f05', '郑州力帆4S店', NULL, 0, 'dangmingkai@qq.com', 3, 0, NULL, '1370760234', 2, NULL, '', 2, NULL),
(27, 0, 'yalong', 'yalong', 'ee5f22a7c691c422576f93fcd5bfd3eafcaf4194', '亚龙营销', '亚龙微商城', 0, 'yalong@qq.com', 2, 573, '1380081769', '1371484289', 2, '', '1532448000', 2, '58.38.186.187'),
(380, 0, 'seatian', 'seatian', '624af4236222de491857320018a9cd10a58ac5d7', '易讯', NULL, 0, 'andatian@163.com', 0, 0, NULL, '1378915017', 2, NULL, '1394467017', -1, NULL),
(145, 0, 'zhanghui', 'zhanghui', '3aa2c5f9520e35245249e41922fdef849293a062', '张辉营销', '张辉营销商学院', 0, '176804060@qq.com', 2, 20, '1378777263', '1375344077', 2, '张辉的演示账号', '', 2, '114.87.125.254'),
(45, 2, 'qqwwee', 'mama', '99df988b77e60a1718e9e6fecdaf22552047be28', '妈妈', NULL, 0, 'mama@qq.cm', 5, 0, NULL, '1372912762', 2, NULL, '', 1, NULL),
(49, 0, 'pts2013', 'pts2013', '5dec8e65c5ee299d21f5b2795f5f9c24aa0ca776', '苏州塞拉唯贸易有限公司', '', 0, '13962519826@139.com', 3, 9, '1375682218', '1373254090', 2, '这位是8800元的用户', '1404748800', 2, '180.106.22.64'),
(50, 36, 'doulao', 'doulao1', '1f82c942befda29b6ed487a51da199f78fce7f05', 'doulao1', NULL, 0, 'doulao1@qq.com', 5, 0, NULL, '1373356574', 2, NULL, '', 1, NULL),
(51, 0, 'naruto', 'naruto', '57076d4c53a481fac3ee02fc2274360484da663c', '火影忍者', '火影忍者中文网', 1, 'jason@youtitle.com', 18, 31, '1379991747', '1373643767', 1, '', '1503590400', 2, '58.38.186.187'),
(55, 0, 'juren', 'juren', 'fba5adc0e6d3e74533e5e138b1267e0c19238b5a', '进击的巨人中文网', '进击的巨人商城', 0, 'markus@youtitle.com', 3, 21, '1377435165', '1373679578', 2, '', '1409241600', 2, '117.136.8.65'),
(65, 0, 'fangjun', 'fangjun', 'd7cab884e0ed652267a6d0a6f35b849e962ac264', '游太', NULL, 0, 'fangjun918@126.com', 3, 1, '1373816188', '1373816160', 2, NULL, '1389283200', 2, '180.157.231.135'),
(60, 36, 'doulao', 'doulao2', 'ce4665117284d76bb6167b0182a8f66f61ba5acb', '三林店', NULL, 0, 'doulao2@qq.com', 5, 13, '1374346072', '1373810203', 2, NULL, '', 1, '58.38.191.48'),
(66, 0, 'szlym', 'szlym', '18ee546104dd79d8846003eb1b48d38922c000a7', '内蒙古三主粮天然攸麦产业股份有限公司江苏苏州总运营商', '', 0, '2665325385@QQ.COM', 3, 2, '1374028145', '1373859200', 2, NULL, '1389369600', 2, '122.192.51.174'),
(64, 0, 'qqaazz', 'qqaazz', 'ed2112bb0dfc581811069bf90a15cd5c8e1a2815', '天天卡细心', NULL, 0, '123@123.com', 3, 1, '1373815934', '1373815746', 2, NULL, '1389283200', 2, '180.150.157.49'),
(67, 0, 'nkzj', 'nkzj', 'edf288162a77292a1d2a9413d74d38e820ae0818', '第二姿', '内裤专家', 1, '1906618287@qq.com', 3, 13, '1378958064', '1373939298', 2, '', '1389715200', 2, '183.4.74.217'),
(69, 0, 'dev', 'dev', '7b744a40d13ce58b7f83e6a8c58458352c719e7f', '游太网络', '游太网络', 0, 'dev@youtitle.com', 3, 69, '1374992915', '1373961588', 2, '', '1403107200', 2, '139.227.59.216'),
(70, 0, 'dy-design', 'dy-design', 'c30a5bc9d55e8d4c117dd9859a8d8cf508018ea6', '多元帝莎', '软装微商城', 0, '363309906@qq.com', 3, 75, '1379306176', '1374025893', 2, '', '1389888000', 2, '122.225.52.250'),
(90, 0, 'ouyangwei', 'ouyangwei', 'b97f73441b6557cec411c4d1d6a0af3e3f89c77d', '欧阳伟', NULL, 0, '313124740@qq.com', 3, 5, '1375928792', '1374198801', 2, NULL, '1389888000', 2, '110.203.179.247'),
(73, 0, 'laiying', 'laiying', '10d2918202ed63a85a9cb5bfc61a1aaeec1ce37e', '赖婴', NULL, 0, '1012102713@qq.com', 3, 2, '1375093478', '1374026041', 2, '', '1390320000', 2, '119.84.153.151'),
(74, 0, 'lijincheng', 'lijincheng', 'cd1e42cb7a3f0b23c688b3fa5333c5f2a102f9d3', '李金城', '彩思雨', 0, '1147299545@qq.com', 3, 39, '1377650535', '1374026075', 2, NULL, '1389888000', 2, '122.227.13.54'),
(103, 0, 'daixiaoqi', 'daixiaoqi', '04d3527908beb2c72f3ac409be399a12554fe651', '戴肖祺', NULL, 0, '532134615@qq.com', 3, 1, '1374481901', '1374481833', 2, '', '1390320000', 2, '58.38.191.26'),
(76, 0, 'kalen', 'kalen', 'aed56d154aa8e5800e9e33a3f151eccb67c1ab7b', '卡轮饰品总部直营店', '卡轮饰品总部直营店', 1, '416131168@qq.com', 3, 373, '1380078850', '1374026175', 2, '', '1389888000', 2, '119.129.92.218'),
(77, 0, 'dingwenli', 'dingwenli', '3510058b55560f2d26b6ee563fcdab8920cbd3e4', '三主粮养身燕麦商城', '三主粮养身燕麦商城', 0, '376696905@qq.com', 3, 42, '1374115603', '1374026206', 2, NULL, '1389542400', 2, '117.62.49.65'),
(78, 0, '730h', '730h', '53f322ba6c368e79679d5b4b0635ebd09dc63dc1', '张小军', NULL, 0, 'china730@126.com', 3, 2, '1378435009', '1374026237', 2, NULL, '1389888000', 2, '222.64.38.76'),
(79, 0, 'songyingying', 'songyingying', '17648e4b796ad48f3af7a0ce6389feea585e0c72', '宋颖鹰', NULL, 0, '13524366658@163.com', 3, 4, '1374051255', '1374026268', 2, NULL, '', 2, '116.227.89.133'),
(80, 0, 'zhouhong', 'zhouhong', 'dc099693fd12744699ce6398dc04151fd34ed895', '周红', '', 0, '1563991564@qq.com', 3, 7, '1375859036', '1374026297', 2, NULL, '1389974400', 2, '180.158.19.57'),
(81, 0, 'yangjiaqing', 'yangjiaqing', 'b70645ea3a808df93b3d6bf3950ac314a6beec19', '杨嘉晴', NULL, 0, '1141395489@qq.com', 3, 4, '1379078352', '1374026345', 2, NULL, '1389888000', 2, '111.194.159.0'),
(83, 0, 'xuxiaoguang', 'xuxiaoguang', '209c60398585674f8177e976723f405efe8b6c03', '徐晓光', NULL, 0, '1714206370@qq.com', 3, 1, '1374112846', '1374026420', 2, NULL, '1389974400', 2, '14.147.12.237'),
(84, 0, 'fuchaoxiong', 'fuchaoxiong', 'e2aab3fea07b950281d3f43d4d0e9e1b85c6310f', '傅超雄[暂不开通]', NULL, 0, 'yw628@163.net', 0, 0, NULL, '1374026460', 2, '这位客户暂时没有想好怎么用，已付3000元，想延迟开通，以免过早的过期', '1389542400', 0, NULL),
(85, 0, 'hatao', 'hatao', '037cf3c0623702c651d14aed99da8fd0971f9208', '谢平安', '哈淘国际微商城', 1, '616616201@qq.com', 3, 240, '1380083364', '1374026488', 2, '', '1389888000', 2, '113.119.69.72'),
(89, 0, 'lirenfu', 'lirenfu', '20f5ac77892e86119ddd40da459935a62d690b9c', '李任甫', NULL, 0, '123902899@qq.com', 3, 3, '1374637376', '1374198769', 2, NULL, '1389888000', 2, '116.226.53.227'),
(88, 0, 'wendi', 'wendi', 'fc818182c2bd9675d37afce2e485e38e0608ffb6', '温迪', NULL, 0, '41592234@qq.com', 3, 1, '1374199193', '1374198732', 2, NULL, '1389888000', 2, '101.224.120.127'),
(86, 0, 'guruilan', 'guruilan', '6a62994e9e7c85dbbddd104beda999f784989de1', '谷瑞兰', '嘉乐商场', 0, '907086675@qq.com', 3, 45, '1375686875', '1374051588', 2, NULL, '1389888000', 2, '183.238.116.136'),
(87, 0, 'zhangjianfeng', 'zhangjianfeng', '54028e56d091c9534288f015958332663f954ac6', '山西澳中旅国际旅行社', '长治旅游', 0, '603234048@qq.com', 3, 21, '1379179113', '1374198678', 2, NULL, '1389888000', 2, '113.24.209.224'),
(91, 0, 'lili', 'lili', '7d8fb03a57834c2191b63d6eae71b37e26663cfc', '李丽', NULL, 0, '253006315@qq.com', 3, 1, '1374199308', '1374198847', 2, NULL, '1389888000', 2, '101.224.120.127'),
(92, 0, 'liuyuying', 'liuyuying', '913dd10bf9b4daea1e9829d50ebb8da716bb7d2e', '刘玉莹', NULL, 0, '942235576@qq.com', 3, 2, '1374217929', '1374198880', 2, NULL, '1389888000', 2, '219.148.154.112'),
(93, 0, 'lurenjie', 'lurenjie', 'f00923de7f27c3e0e4b473c84952ccfda4e15b3f', '陆仁杰', NULL, 0, 'lrj825@163.com', 3, 2, '1374457500', '1374198913', 2, NULL, '1389715200', 2, '121.228.35.152'),
(94, 0, 'yingxiaobo', 'yingxiaobo', '5fb76dad6d0b566e8b180b18c1a62992d9434d64', '应小波', NULL, 0, '52548571@qq.com', 3, 1, '1374199463', '1374198944', 2, NULL, '1389888000', 2, '101.224.120.127'),
(95, 0, 'quyougen', 'quyougen', 'cf2976c09de5404da29f44d5f7580fbb93ae3887', '长沙贝特服装有限公司', 'http://www.zgbt88.com', 0, '357663582@qq.com', 3, 50, '1379746671', '1374198976', 2, NULL, '1389888000', 2, '218.104.151.38'),
(96, 0, 'lukang', 'lukang', 'b341fa3cb52d26d50453cab37f34e551b945b63d', '和润商业购物广场', '和润商业购物广场', 0, '1815258886@qq.com', 3, 19, '1378801546', '1374199005', 2, '', '1389888000', 2, '182.126.23.3'),
(97, 0, 'yujianzhi', 'yujianzhi', '549827b4ef5ab5330b2717bcf2d1c1c94fe26056', '于建芝', NULL, 0, '1069819297@qq.com', 3, 1, '1374219077', '1374218920', 2, NULL, '1389888000', 2, '58.38.191.48'),
(146, 86, 'guruilan', 'heshengqin', '197c49f2dd9d3bd9409bf689ba6d962a9451c6fb', '乐嘉', NULL, 0, '654180065@qq.com', 5, 0, NULL, '1375512851', 2, NULL, '', 1, NULL),
(101, 69, 'dev', 'dev2', '87835653f7f79d15420fc69988bdadcd623b1314', 'dev2', NULL, 0, 'dev@youtitle.com', 5, 3, '1374392045', '1374317658', 2, NULL, '', 1, '58.38.191.48'),
(102, 0, 'xinweiling', 'xinweiling', 'e2b95b024422ec208d29dd57ed7ff3f67331f2ed', '辛蔚菱', '身心灵力量', 0, '1424034220@qq.com', 3, 4, '1377829366', '1374480628', 2, '', '1390320000', 2, '101.228.13.234'),
(104, 0, 'hanweiqing', 'hanweiqing', '60beb37817690f163b6477b46633d9d519ef7401', '韩伟庆', NULL, 0, 'cn@cnway.cn', 3, 3, '1378275994', '1374482091', 2, '', '1390320000', 2, '222.64.38.76'),
(107, 0, 'liucaixia', 'liucaixia', '284ec64ff982260443ca482da0cb98ded1de990c', '广州艺臻广告策划有限公司', '', 0, '1625629523@qq.com', 3, 3, '1376914028', '1374566285', 2, '', '1390233600', 2, '14.151.29.112'),
(143, 69, 'dev', 'yalong22', '3d4f2bf07dc1be38b20cd6e46949a1071f9d0e3d', 'yalong22', NULL, 0, 'xianggui@qq.com', 5, 0, NULL, '1374919635', 2, NULL, '', 1, NULL),
(110, 0, 'lixinfang', 'lixinfang', 'd668b447363f2ac396bac2815e65e40d0f2abae1', '李欣芳', NULL, 0, '773913906@qq.com', 3, 2, '1374829929', '1374568243', 2, '', '1390233600', 2, '182.146.171.36'),
(114, 27, 'yalong', 'yalong3', 'da39a3ee5e6b4b0d3255bfef95601890afd80709', 'yalong3', NULL, 0, 'yalong3@youtitle.com', 5, 0, NULL, '1374593176', 2, NULL, '', 1, NULL),
(115, 0, 'zhaoming', 'zhaoming', '8711a246b34d44af0fa035128ab0a195031bfb44', '赵明[暂不开通]', NULL, 0, '1466460278@qq.com', 0, 0, NULL, '1374653988', 2, '16800客户要求暂不开通', '1390147200', 0, NULL),
(118, 0, 'xianggui', 'xianggui', 'd407de5c5fc8013ed2b4e51d762d14674af320d9', '湘贵实业', '湘贵实业', 1, '16305749@qq.com', 3, 36, '1379983679', '1374803338', 2, '亚龙2013-7-25要求免费开通的朋友', '1406304000', 2, '175.0.63.0'),
(119, 95, 'quyougen', 'LLL372789968', '33028a76c4972661e1edbe5559ce042e307eef71', '江华', NULL, 0, '372789968@qq.com', 5, 1, '1374823033', '1374822671', 2, '', '', 1, '119.39.101.161'),
(121, 27, 'yalong', 'yalong4', 'c8ef916780d8030902114762ae4aa3c0eecd4586', 'yalong4', NULL, 0, 'yalong4@qq.com', 5, 3, '1376754284', '1374825075', 2, NULL, '', 1, '101.80.76.68'),
(122, 0, 'xujingqian', 'xujingqian', 'b58cf603a8e48003c4ed41d54b09e7cc9063bfdf', '徐镜钱', '复盛压缩机', 0, 'ywjucai@hotmail.com', 3, 92, '1378949095', '1374825170', 2, '', '1390492800', 2, '122.242.111.80'),
(144, 27, 'yalong', 'yalong5', '41f5bd59c3e1763bb24272fa6a8b2d36dedae903', 'yalong5', NULL, 0, 'yalong5@qq.com', 5, 5, '1380006890', '1374935407', 2, NULL, '', 1, '58.38.186.187'),
(147, 0, 'veigou', 'veigou', '148df1dcbb150935f69064b48e0b763b22f366f2', '唯购微电商', '唯购微商城旗舰店', 0, 'janice@youtitle.com', 3, 9, '1377615904', '1375688317', 2, '', '', 2, '58.38.141.25'),
(148, 0, 'jiangyuan', 'jiangyuan', '70a52a72b291bdc42a30b45fab19956814da901d', '江元文化', '江元移动商城', 0, '138300791@qq.com', 19, 58, '1379123154', '1375768869', 1, '房俊朋友，胡璋的', '1412006400', 2, '118.212.112.142'),
(149, 0, 'shengzhuojun', 'shengzhuojun', 'fb082a600a2601dd575bcba36476c324328d99d9', '幸福伴侣', '性福伴侣', 1, '1917648986@qq.com', 3, 135, '1380009472', '1376038172', 2, '', '1407427200', 2, '183.146.89.74'),
(150, 0, 'www', 'www', '05fe484c89903e22e37a191f582e6a5d47d31063', '游太商城', '游太商城', 0, 'www@youtitle.com', 3, 7, '1376447532', '1376361262', 2, NULL, '', 2, '222.64.133.89'),
(151, 0, 'huatai', 'huatai', 'ece45eda1322a96d91f4e79c5ada7b897dd659db', '华泰证券上海分公司', '华泰证券上海分公司', 0, '81685515@qq.com', 2, 4, '1378821640', '1376446672', 1, '房俊朋友，张力', '1408032000', 2, '222.65.123.26'),
(152, 70, 'dy-design', 'DYDS2000', 'c30a5bc9d55e8d4c117dd9859a8d8cf508018ea6', '多元蒂莎2000', NULL, 0, '2320594378@qq.com', 5, 0, NULL, '1376481977', 2, NULL, '', 1, NULL),
(154, 27, 'yalong', 'yalong6', '88ee913e8638d59a69581199adb5d5490cdda204', 'yalong6', NULL, 0, 'yalong6@qq.com', 5, 3, '1376990242', '1376755199', 2, NULL, '', 1, '58.38.188.181'),
(155, 0, 'yangjiafu', 'yangjiafu', '9b8c02fed3901e82728d18f32bb0369743b22c35', '杨家富测试帐号', NULL, 0, '110877383@qq.com', 3, 1, '1376790241', '1376790206', 2, '', '', 2, '58.32.212.189'),
(156, 27, 'yalong', 'yalong7', '7d8840de79f51570f50611a1d5c69c49f859bd33', 'yalong7', NULL, 0, 'yalong7@qq.com', 5, 4, '1376792694', '1376790848', 2, NULL, '', 1, '58.38.143.168'),
(157, 27, 'yalong', 'yalong8', '0b525225a772425f1a77d2f9f570ccf07d9e8a76', 'yalong8', NULL, 0, 'yalong8@youtitle.com', 0, 1, '1376827501', '1376827497', 2, NULL, '', 1, '58.38.143.168'),
(159, 0, 'weizhan', 'weizhan', '57076d4c53a481fac3ee02fc2274360484da663c', '微站', '微站', 0, 'weizhan@126.com', 19, 39, '1380072122', '1377359100', 1, NULL, '', 2, '58.219.232.239'),
(214, 0, 'shop21610821', 'shop21610821', '50546c06222128312331694acaa4d2a31bcdac0e', '张家春', '新用户', 0, 'ds06225@126.com', 4, 7, '1379770588', '1377492233', 2, NULL, '1408982400', 2, '223.167.94.118'),
(212, 0, 'crystal', 'crystal', '0d1eabb93f1e34cc136dafd51b62b6683ff87780', '白成超', '揭秘总裁行销广场', 0, '1019335626@qq.com', 4, 37, '1379920141', '1377506189', 2, '', '1408982400', 2, '114.94.121.145'),
(211, 0, 'qiuchuanhua668', 'qiuchuanhua668', 'df81702afebeb4dd10a94d7b6c7cf67ec0f92943', '丘传华微商城-演示店', '邱传华微营销', 0, '318058502@qq.com', 4, 14, '1379691829', '1377508556', 2, NULL, '1408982400', 2, '101.80.78.88'),
(210, 0, 'yuanyuan66', 'yuanyuan66', 'e9538322385dc97b6fba9ffa6f5d90387a98fce8', '熊媛媛', '亚龙微营销', 0, '624251607@qq.com', 4, 7, '1379666672', '1377509624', 2, NULL, '1408982400', 2, '101.86.242.77'),
(359, 0, 'puye888', 'puye888', '416c0a402df76dbd2ad2e080017f9f99171fcaed', '蒲也', '总裁行销攻略官方微商城', 0, '382581743@qq.com', 4, 17, '1379994049', '1378269388', 2, NULL, '1409760000', 2, '114.94.121.145'),
(364, 214, 'shop21610821', 'yanhuangzisunhuanbaoyijiaren', 'c19b0c4f19989be317507607100594ff4d11cbaa', '炎黄子孙环保一家人', NULL, 0, 'ds06225@126.com', 0, 0, NULL, '1378275704', 2, NULL, '', 1, NULL),
(208, 0, 'wangtao520', 'wangtao520', '8bbecb1e5b22c47b81b55515399960f012ba2479', '王涛', '微购天下', 0, '474607710@qq.com', 4, 10, '1378726644', '1377499257', 2, NULL, '1408982400', 2, '112.65.184.138'),
(207, 0, 'liwenhe', 'liwenhe', '15fef49c20907f56cfe90e7f43689d16bcd9ff15', '正能量', '正能量文化传播', 0, '1070908179@qq.com', 4, 6, '1380082369', '1377774646', 2, '', '1408982400', 2, '101.244.0.145'),
(205, 0, 'duqiang', 'duqiang', '048b6181da6f2e62e68d7c997fa3c2f32c9fc541', '杜强', '微营销 演示店', 0, '18659991085@163.com', 4, 16, '1379638523', '1377499190', 2, '', '1408982400', 2, '112.97.36.189'),
(204, 0, 'wanghu', 'wanghu', '04b57a0b3978abae440eaeaaab4ca77a27823fbd', '可锐影视', '可锐影视', 0, '601760763@qq.com', 4, 5, '1377581439', '1377507158', 2, NULL, '1408982400', 2, '116.226.56.245'),
(202, 0, 'zhengqingyue', 'zhengqingyue', '5b2223bbc1b0c9898914729bff53d6dfc90df384', '郑晴越', '新用户', 0, '1058490723@qq.com', 4, 2, '1377506911', '1377506888', 2, NULL, '1408982400', 2, '114.94.123.120'),
(200, 0, 'dutiesuo', 'dutiesuo', '99fdc8c40bb06abf594f04b2c433389f20507437', '上海领航者产业集团', '易购宝体验店', 0, '2380636619@qq.com', 4, 10, '1379686139', '1377502268', 2, NULL, '1408982400', 2, '58.246.222.150'),
(190, 0, 'fangting0908', 'fangting0908', '326fa24218d49623bcc36776873c8381eb278b03', '新用户', '新用户', 0, '979756574@qq.com', 4, 2, '1377508447', '1377508423', 2, NULL, '1408982400', 2, '114.94.127.110'),
(191, 0, 'zhaoxiaoxia', 'zhaoxiaoxia', '2c6e0bbf314ad51ec4ed72347f791817951bc71a', '赵小霞', '亚龙微营销', 0, '1173859655@qq.com', 4, 2, '1377507040', '1377507001', 2, NULL, '1408982400', 2, '114.94.123.120'),
(193, 0, 'yefachao5188', 'yefachao5188', '20c04beafaeb10aebdf0529b061d3aaf91fa941f', '上海领航者产业集团', '微商城1号旗舰店', 0, '1423065690@qq.com', 4, 28, '1379861852', '1377495534', 2, NULL, '1408982400', 2, '116.226.45.14'),
(376, 0, 'crazyenglish', 'crazyenglish', '96cdf50ec7b9b2c9eb90edcfabd54905be1b4487', '上海疯狂英语', '唯购', 0, '2839799884@qq.com', 4, 2, '1378804823', '1378804805', 2, NULL, '1410278400', 2, '101.45.184.62'),
(194, 0, 'zhangpeng888', 'zhangpeng888', 'e6f1d190a1dd34437a5345811ed13758e316dfc9', '张鹏营销', '营销兵器谱', 0, '56906651@qq.com', 4, 10, '1377737126', '1377505302', 2, NULL, '1408982400', 2, '112.65.184.138'),
(196, 0, 'shop520', 'shop520', '4971ae91f906ca2fb484b9f9a73fade95bc92b99', '微电商平台', '微营销微商城', 0, '1195613907@qq.com', 4, 20, '1379323295', '1377493637', 1, NULL, '1408982400', 2, '101.228.128.1'),
(197, 0, 'pengkai', 'pengkai', '4bd02bcb0e93d6375abd831a1fea3d9fb600f60c', '彭凯', '微电商', 0, '457249098@qq.com', 4, 17, '1379142741', '1377494026', 1, NULL, '1408982400', 2, '101.228.12.90'),
(198, 0, 'zhangding', 'zhangding', '21dfe576df23c0c229ecdcbc44bc468cbd3ce3fd', '领航者产业集团', '正能量微商城', 0, '1320628674@qq.com', 4, 93, '1380084737', '1377506122', 2, '', '1408982400', 2, '101.228.8.95'),
(199, 0, 'shop43379899', 'shop43379899', '3a6b205bffcf2e830c1b4d87fcc05763f19df208', '上海领航者集团', '微商城体验店', 0, '2439125291@qq.com', 4, 38, '1380074894', '1377492939', 2, '', '1408982400', 2, '101.228.8.95'),
(215, 0, 'caoyang', 'caoyang', 'c9c4878cedad19feb67966cd8554e96a5e6d1de6', '曹杨', '红星宣纸特供', 0, '1295032294@qq.com', 4, 5, '1377492676', '1377491603', 2, NULL, '1408982400', 2, '222.64.135.8'),
(331, 209, 'shop41642808', 'zcxxgl', '416c0a402df76dbd2ad2e080017f9f99171fcaed', '总裁行销攻略客服', NULL, 0, '382581743@qq.com', 0, 1, '1377513598', '1377513558', 2, NULL, '', 1, '116.226.56.245'),
(217, 0, 'sxk19910604', 'sxk19910604', 'a151c5c3bf41368a907485d4aa78727ed30b134c', NULL, NULL, 0, NULL, 4, 4, '1378540044', '1377507648', 2, NULL, '1408982400', 2, '101.228.8.95'),
(219, 0, 'zhangzhongfeng', 'zhangzhongfeng', 'ef77f6c6e7bf1a7f6a08ac3456509947ae7e27fc', '张中峰', '招商一号旗舰店', 0, '2643266762@qq.com', 4, 57, '1379646547', '1377523109', 1, '', '1408982400', 2, '112.65.184.138'),
(383, 0, 'dobochn', 'dobochn', 'c184e9c3b34ee53261bd21e89e3421b3ebd345c9', 'DOBO名奢馆', NULL, 0, 'hnzhihong@163.com', 0, 0, NULL, '1378962390', 2, NULL, '1394514390', -1, NULL),
(221, 0, '888888', '888888', '286960df322487dd8e1e8ffbf6466d139f1c9dda', '新用户', '新用户', 0, '', 4, 2, '1377506710', '1377506701', 2, NULL, '1408982400', 2, '114.86.224.138'),
(222, 0, 'ranzhumei', 'ranzhumei', 'f3bb31807ac5ded48a9d8e374fac98fa4a17db1f', '冉竹梅', '新用户', 0, '491375982@qq.com', 4, 2, '1377510865', '1377510830', 2, NULL, '1408982400', 2, '116.226.68.89'),
(223, 0, 'shop80231314', 'shop80231314', '006cd2bc17a083decc6ded932e1bf0061eddcb92', '正能量励志名言王浩宇', '正能量励志名言微商城', 0, 'cio_365@163.com', 4, 23, '1379509638', '1377525013', 2, '', '1408982400', 2, '114.94.127.231'),
(224, 0, 'lhgj888', 'lhgj888', 'aaa82c02ea8714451ca5f832a7c5a049008170e2', NULL, NULL, 0, NULL, 4, 22, '1379404931', '1377519222', 2, '', '1408982400', 2, '101.228.128.1'),
(226, 0, 'lixixi', 'lixixi', '3aa2c5f9520e35245249e41922fdef849293a062', '黎熙熙', '新用户', 0, '801191@qq.com', 4, 3, '1378198294', '1377531579', 2, NULL, '1408982400', 2, '101.228.133.105'),
(227, 0, 'apple101314', 'apple101314', '6c4299bffd155c1733761596f3b37d14db4af1a8', '杨宇清', '新用户', 0, '269376005@qq.com', 4, 5, '1378205560', '1377508758', 2, NULL, '1408982400', 2, '101.228.133.105'),
(228, 0, 'zhangmaogong', 'zhangmaogong', 'c0bd7032d41aeee516c945e337b0c6ab44cc0aa6', '张茂功', '张辉营销学院旗舰店', 0, 'zhangmaogong@qq.com', 2, 22, '1378893439', '1377508644', 2, '', '1408982400', 2, '112.65.184.138'),
(346, 0, 'janice', 'janice', '900f7f024238a9bcb8da9eefc05b188234b37565', 'Janice', '演示店', 0, 'janice@qq.com', 4, 3, '1378634386', '1378617988', 2, NULL, '1409587200', 2, '58.38.155.100'),
(363, 0, 'feifei', 'feifei', 'a898f230cdd1f0689a353b34a7ac0a4e4fb7a3e2', '高飞飞', '飞飞微商城', 0, '694288858@qq.com', 4, 7, '1379594547', '1378269435', 2, NULL, '1409760000', 2, '116.233.197.95'),
(352, 350, 'jxhmsp', 'hm_lulu', '42015cb01f77eebf97d1a9dbe6290d6227f028f2', '杨露', NULL, 0, 'yanglu1990me@qq.com', 5, 2, '1378944620', '1378090638', 2, NULL, '', 1, '117.40.227.189'),
(269, 0, 'yinlian', 'yinlian', 'f99ccc6ce364c52fca87eaff666a265f83a6bc96', '刘坚', '银联微商城', 0, 'kphn@sina.cn', 3, 12, '1378900917', '1377743715', 2, NULL, '1409500800', 2, '27.17.109.255'),
(270, 0, 'psperfume', 'psperfume', '00f3a340981d04bcefd66ba311a51a6ee26271f6', '诗柏轩', '诗柏轩香水微商城', 0, 'summer.xia@specialx.cn', 3, 11, '1379388693', '1378306346', 2, NULL, '1409500800', 2, '125.112.100.177'),
(271, 0, 'inteldisplay', 'inteldisplay', '9b8d952d66225682bc93a4947f4253661faaeb29', '慧显科技', '新用户', 0, 'weixin@inteldisplay.com', 3, 5, '1379814928', '1379469344', 2, '', '1409500800', 2, '140.206.81.70'),
(272, 0, 'newtrip', 'newtrip', '4c8f6128a59bd487bddb640c47d43d1ec01a08ea', '王珂', '新用户', 0, '2755086056@qq.com', 3, 2, '1377741627', '1377741591', 2, NULL, '1409500800', 2, '119.62.127.221'),
(273, 0, 'yafoopet', 'yafoopet', 'b46afffc68756c2016d08326c0997e571356c256', '亚福宠物商城', '亚福宠物商城', 0, '1136347885@qq.com', 3, 11, '1380011583', '1377751866', 2, NULL, '1409500800', 2, '122.71.148.217'),
(274, 0, 'weishenghuo', 'weishenghuo', '8b477dc94cfa953533afe26c0b68ef068f4a1471', '李海龙', '微生活购物商城', 1, '119796715@qq.com', 3, 53, '1380009456', '1377759934', 2, '', '1409500800', 2, '112.65.184.138'),
(275, 0, 'shop84584002', 'shop84584002', '290283c503f1118914dd74cc24b6bde415e4930a', '新用户', '新用户', 0, NULL, 3, 0, NULL, '0', 2, NULL, '1409500800', 0, NULL),
(276, 0, 'liangcai', 'liangcai', 'a0b813e1fa175e5f816bad6c8279ad2aa34b4e72', '王诚科', '新用户', 0, '158943392@qq.com', 3, 1, '1377744177', '1377744816', 2, NULL, '1409500800', 2, '112.65.184.138'),
(277, 0, 'bishoutang0018', 'bishoutang0018', 'be27de48e38ad0119b226079bf0e5faa6ac93123', '必瘦堂', '减肥瘦身', 0, '1300146778@qq.com', 3, 6, '1378190858', '1377741388', 1, '', '1409500800', 2, '222.128.174.191'),
(278, 0, 'sbf840663856', 'sbf840663856', '9641ff1c2fa5d752ed59bdba40652287af3400a9', '义乌帅娃婴儿用品', '帅娃婴儿用品', 0, '840663856@qq.com', 3, 7, '1377867729', '1377739667', 2, '', '1409500800', 2, '61.153.254.194'),
(279, 0, 'huashi', 'huashi', '657c79d47c12550aa9986e3b4f0e606979a8955b', '黄光华', '华是学院MBA/MPA辅导上海站', 0, 'cicihua2005@126.com', 3, 5, '1378104294', '1377741958', 2, NULL, '1409500800', 2, '114.91.67.190'),
(280, 0, 'suzhongnanrencai', 'suzhongnanrencai', '680cb94eb5f6470b11e4b11cdf70005ef0760b9b', '苏中南人才', '新用户才', 0, '15189115081@126.com', 3, 8, '1378429292', '1377741911', 2, '', '1409500800', 2, '121.232.240.220'),
(281, 0, 'miaojiayizhai888', 'miaojiayizhai888', 'f25262d38c2ace424e864ba455110134b36a21c2', '苗家彝寨农家土特产', '苗家彝寨农家土特产', 0, '1650955359@qq.com', 3, 4, '1377761010', '1377739790', 2, NULL, '1409500800', 2, '119.62.124.125'),
(282, 0, 'dylyq0008', 'dylyq0008', '7b3d78331e444c3f80d875678b05892bab2f5157', '奇奇', '新用户', 0, '876917858@qq.com', 3, 4, '1378875115', '1377763058', 2, NULL, '1409500800', 2, '123.156.224.212'),
(283, 0, 'shop20213448', 'shop20213448', 'e03be17c453d2a3fcceaacd7c4fb9bf4074eacad', '新用户', '新用户', 0, NULL, 3, 0, NULL, '0', 2, NULL, '1409500800', 0, NULL),
(284, 0, 'shop54859134', 'shop54859134', 'd17c8fee45ec3879680fe50a107878ced57470e0', '新用户', '新用户', 0, NULL, 3, 0, NULL, '0', 2, NULL, '1409500800', 0, NULL),
(285, 0, 'jinfeng4009057588', 'jinfeng4009057588', '1731c66229d9fe4e2baa64dc5c6bc67ff745a041', '劲风汽车服务连锁', '劲风汽车连锁服务', 0, '189282424@qq.com', 3, 30, '1379471871', '1377741275', 2, NULL, '1409500800', 2, '183.145.163.99'),
(286, 0, 'yangxiezi', 'yangxiezi', '259d2e512ccaead8344125a84c1cf7997a598426', '陈胜营', '禧福祥羊蝎子', 1, '340677693@qq.com', 3, 38, '1379992497', '1377741455', 2, '', '1409500800', 2, '124.235.163.171'),
(288, 0, 'boyachuanmei', 'boyachuanmei', 'c01608ab3aa24401e00fef8a630a6d1ed5cfcee1', '博亚商城', '博亚商城', 0, '2256636586@qq.com', 3, 5, '1377770012', '1377743428', 2, NULL, '1409500800', 2, '114.94.126.88'),
(398, 390, 'cygmacel', 'qdw123456', '6c9046e312d02c404c10b0619c886d91bd00b9e5', 'qdw', NULL, 0, 'qdw@163.com', 5, 0, NULL, '1379994824', 2, NULL, '', 1, NULL),
(393, 274, 'weishenghuo', 'maozwei', 'b94169966d233e112e54440b08588abf5fd31716', '毛樟伟', NULL, 0, 'maozwei-163@163.com', 5, 1, '1379903426', '1379903299', 2, NULL, '', 1, '58.101.112.3'),
(290, 0, 'woaini520', 'woaini520', '2710c905d74b9709ce6f9736e03318c1b3987a05', '邓松华', '名表世家', 0, '285686246@qq.com', 3, 23, '1380034391', '1377912894', 2, '', '1409500800', 2, '27.17.99.48'),
(291, 0, 'shop41952836', 'shop41952836', '93f314b2ecaf5083fc550f7c2feaddf877c99b4c', '新用户', '新用户', 0, NULL, 3, 1, '1377761355', '0', 2, NULL, '1409500800', 0, '101.84.193.202'),
(292, 0, 'jiangxingchen', 'jiangxingchen', '736e259311334998601cb09f7894301e4fe9f624', '江幸辰原创设计师', '新用户', 0, '464476191@qq.com', 3, 2, '1377738702', '1377738641', 2, NULL, '1409500800', 2, '112.65.184.138'),
(293, 0, 'coway8888', 'coway8888', '0d002c22fe012830c1478c94187259d4325fb7e1', '云南健康养生', '云南养生', 0, '1159022821@qq.com', 3, 2, '1377742414', '1377742306', 2, NULL, '1409500800', 2, '112.97.37.93'),
(294, 0, '400800', '400800', '55ecadbb589a0f05a7fd4a809b8e0d016bedd25b', '糖糖圈', '开发记忆力潜能', 0, '102783218@qq.com', 3, 3, '1378179323', '1377743734', 2, '', '1409500800', 2, '222.64.130.15'),
(296, 0, 'armati', 'armati', '75df108521f21c9802a47f5082148d4b3912830d', '温海成', '新用户', 0, 'armati@163.com', 3, 9, '1380002544', '1377741419', 2, NULL, '1409500800', 2, '183.238.218.182'),
(297, 0, 'gltfloor', 'gltfloor', '62c49af10f846b1cc3d86f628f7c4bd2f4dd9634', '江苏格兰特木业有限公司', '大学生微商城', 0, 'gltfloor@qq.com', 3, 19, '1380033709', '1377740170', 2, '', '1409500800', 2, '114.222.118.224'),
(298, 0, 'minjianlvye', 'minjianlvye', '65c4f68ba53832c821b41301edc0063e15f53ce5', '上海闽坚铝业', '新用户', 0, '705400321@qq.com', 3, 3, '1379984389', '1379900036', 2, NULL, '1409500800', 2, '180.175.30.20'),
(299, 0, 'kevenn', 'kevenn', '41d051a213b8cf8c3e5a76ae43fc51857ef60de4', '卡文', '卡文商城', 0, '134450@qq.com', 3, 9, '1378661554', '1377757442', 2, NULL, '1409500800', 2, '14.144.105.184'),
(308, 0, 'elecogift', 'elecogift', '5c1a7c109d101a51b18823431bf391a1223f9aad', '王奎', '萌兔兔家具用品', 1, 'billy.wang@elecogift.com', 3, 50, '1380076813', '1377741261', 2, '', '1409500800', 2, '116.21.83.136'),
(309, 0, 'sunday', 'sunday', '40b78d6d3bd682364866cb8713bb84c4ecce63f8', 'oscar', '仙蒂微店', 0, 'oumichina@gmail.com', 3, 26, '1380030510', '1377739204', 2, NULL, '1409500800', 2, '119.108.180.94'),
(310, 0, 'yuxidmg', 'yuxidmg', 'a649c382963cd190c3534016a650a4b24cae1245', 'Hellen', '新用户', 0, '18687764411@163.com', 3, 4, '1377759359', '1377741847', 2, NULL, '1409500800', 2, '112.65.184.138'),
(311, 0, 'luomai', 'luomai', 'c628ef590954c55c225c59b1123a3c64e9af64bd', '夏咸云', '云姐罗麦旗舰店', 1, '1625560351@qq.com', 3, 33, '1379864833', '1377742966', 2, '', '1409500800', 2, '122.194.1.166'),
(312, 0, '751132558', '751132558', '0b793403ff9152d1ea052e7f85546fb9d23d32a8', '金滇格', '新用户', 0, '751132558@qq.com', 3, 4, '1377769658', '1377737962', 2, NULL, '1409500800', 2, '114.94.126.88'),
(313, 0, 'shop29038750', 'shop29038750', '3d09a1ea93d650862d7cde4080f02795985f21db', '刘玥', '新用户', 0, 'czliu31@163.com', 3, 2, '1377741771', '1377741575', 2, NULL, '1409500800', 2, '122.96.42.139'),
(315, 0, 'hlyzgw', 'hlyzgw', '5e0ecb638fdfa5ca3573d90a3501caa1e5e501b8', '卓星辉', '潮男营地', 0, '386465439@qq.com', 3, 10, '1378306885', '1377741751', 2, '', '1409500800', 2, '117.149.69.90'),
(316, 0, 'guangxinxmt', 'guangxinxmt', '76f15d313f61a0fa6f973f4d9ac4c869b6826aab', '广信新媒体', '新用户', 0, '1248890721@qq.com', 3, 2, '1377739349', '1377739329', 2, NULL, '1409500800', 2, '101.84.196.74'),
(317, 0, 'caisongjin', 'caisongjin', '05097c17ee7ac28f0cc8388bd67be6901bbe955d', '爱尚8旅游健康频道', '爱尚8旅游健康频道', 0, 'csj7106@126.com', 3, 10, '1378543667', '1377746190', 2, NULL, '1409500800', 2, '114.249.50.152'),
(318, 0, 'weihaoran1990', 'weihaoran1990', 'f8404dd72369fc873ba456070d5fbfa5a7317079', 'weihaoran', '魏健营养油', 0, 'weihaoran518@163.com', 3, 7, '1378267316', '1377740717', 2, NULL, '1409500800', 2, '123.11.21.252'),
(319, 0, 'huranmei', 'huranmei', '6dd4677e1240da36c5c7333e98b30c28856f5610', '忽然美健康管理公司', '忽然美健康管理旗舰店', 0, '381339727@qq.com', 3, 6, '1378689334', '1377743292', 2, '', '1409500800', 2, '123.148.187.112'),
(320, 0, 'xilongjiafang', 'xilongjiafang', 'e1114215469c836dd37685ddedd76363fff4e357', '希隆家纺', '希隆家纺', 0, '15358935873@189.cn', 3, 7, '1380081498', '1377744044', 2, NULL, '1409500800', 2, '117.85.162.150'),
(321, 0, 'huzheming', 'huzheming', '3158c5797e78022ce6ba2866adf7258c415aaa71', '胡哲铭', '宁波餐饮预订', 0, '200828569@qq.com', 3, 7, '1380002917', '1379578388', 2, NULL, '1409500800', 2, '112.65.184.138'),
(322, 0, 'csshg888888', 'csshg888888', '33f2ccc5c3875f709604f8abf61d65048579d1c4', '蔡氏生活馆', '新用户', 0, '15052907658@163.com', 3, 8, '1378022860', '1377745102', 2, NULL, '1409500800', 2, '49.71.194.246'),
(323, 0, 'wxl338', 'wxl338', '48c3424ae15e5e11f09c95526a6d62d8a1861a09', '衡爱凝美容有限公司', '衡爱凝商城', 0, '652237167@qq.com', 3, 22, '1380075660', '1378712767', 2, '', '1409500800', 2, '222.76.68.22'),
(324, 0, 'chongqing', 'chongqing', '7c4a8d09ca3762af61e59520943dc26494f8941b', '杨先生', '重庆测试', 0, 'yalong@qq.com', 3, 16, '1379839687', '1378449537', 2, NULL, '1409500800', 2, '113.204.35.138'),
(325, 0, 'znlshop', 'znlshop', 'eeb4a6128df56aec2f16e9bafd55c68895286829', '正能量  微网站', '正能量商圈', 1, '13818385613@vip.163.com', 18, 173, '1380083174', '1378392949', 1, '', '1409500800', 2, '58.38.186.187'),
(326, 0, '6shun9', '6shun9', '5252fa3930a8f0944364f995835e6208a30264b6', '6顺9酒', '新用户', 0, '1728327686@qq.com', 3, 15, '1379497352', '1377742249', 2, NULL, '1409500800', 2, '123.67.2.88'),
(327, 0, 'shechipin33', 'shechipin33', '1efd45659e58b2a6ed2fcbfa11980a273ad9b097', '王思雨', '奢侈品原单工厂', 0, '1641241662@qq.com', 3, 25, '1379833619', '1377744150', 2, NULL, '1409500800', 2, '180.158.38.218'),
(328, 0, 'meilianzhonghe', 'meilianzhonghe', 'a467a801b6d1bca57b10c0df32b2a666d8192f65', '美联众合', '美联众合动物医院', 0, 'xwm0688@126.com', 3, 5, '1377746832', '1377742370', 2, NULL, '1409500800', 2, '140.206.88.86'),
(329, 222, 'ranzhumei', '15321785@qq.com', 'f3bb31807ac5ded48a9d8e374fac98fa4a17db1f', 'xyz', NULL, 0, '491375982@qq.com', 0, 0, NULL, '1377511014', 2, NULL, '', 1, NULL),
(330, 0, 'weishangcheng', 'weishangcheng', 'a6524d476821f9217c9b4d2201c748315518cf67', '微商城体验中心', '微商城体验中心', 0, 'zhs2007.love@163.com', 4, 4, '1377527887', '1377521507', 2, NULL, '1408982400', 2, '118.133.185.16'),
(357, 0, 'zxm784533', 'zxm784533', '69488acbe25897ff94e279d6ea613bfe8ec2741b', '猪猪坐垫抱枕', NULL, 0, 'aichexue@126.com', 0, 0, NULL, '1378188367', 2, NULL, '1393740367', 0, NULL),
(332, 208, 'wangtao520', 'msmk188', '8bbecb1e5b22c47b81b55515399960f012ba2479', '美食美客', NULL, 0, '282057098@qq.com', 0, 1, '1377539778', '1377539715', 2, NULL, '', 1, '116.232.74.109'),
(345, 0, 'shop84918954', 'shop84918954', 'c52871264821cea458d1fa98b6efcbb0e2951882', '刘宝书', NULL, 0, '318579950@qq.com', 4, 18, '1379642850', '1378093343', 2, NULL, '1409587200', 2, '114.88.243.92'),
(334, 0, 'jiangshan', 'jiangshan', '5a3f0b5575ff8efed3eb740b90ad2a3b0abfcc40', '江山', '新用户', 0, '70139841@qq.com', 2, 23, '1379989333', '1377655994', 2, '', '1409500800', 2, '58.38.186.187'),
(349, 0, 'youziyouwei', 'youziyouwei', 'f868f59445f3e72d465d490922388c2e8f56450d', '亓长兵', '唯购', 0, '386548147@qq.com', 3, 9, '1379502680', '1378274523', 2, NULL, '1409760000', 2, '114.250.2.200'),
(350, 0, 'jxhmsp', 'jxhmsp', '42015cb01f77eebf97d1a9dbe6290d6227f028f2', '江西宏明食品有限公司', '宏明食品         移动商城', 0, '15707998899@qq.com', 3, 24, '1379991375', '1378087897', 2, NULL, '1409760000', 2, '117.40.227.189'),
(341, 269, 'yinlian', 'zhongsheng', '5c67514dc40323b3bd4a551d9116ef8e8c1f2805', '中升咖啡', NULL, 0, '294691519@qq.com', 5, 2, '1378089879', '1377752797', 2, NULL, '', 1, '59.172.101.250'),
(335, 102, 'xinweiling', 'dqy22113835', '7750ad5d7860f79b88a07a703d4f3ada2637ee2f', '东区中心幼儿园', NULL, 0, '1963659345@qq.com', 5, 0, NULL, '1377745198', 2, NULL, '', 1, NULL),
(336, 102, 'xinweiling', 'wawa22553616', 'd25a6ca512f72a78c246bfde3b335e758fa1c3a3', '中国娃娃早教中心', NULL, 0, '1499584661@qq.com', 5, 0, NULL, '1377745293', 2, NULL, '', 1, NULL),
(337, 102, 'xinweiling', 'xinling_yizhan', '1152725f86af1cc6ed648206ac68ba38ced39595', '心灵驿站', NULL, 0, 'xinweiling@126.com', 5, 0, NULL, '1377745397', 2, NULL, '', 1, NULL),
(338, 102, 'xinweiling', 'sxl_ll', '1152725f86af1cc6ed648206ac68ba38ced39595', '身心灵力量', NULL, 0, '707845809@qq.com', 5, 0, NULL, '1377745461', 2, NULL, '', 1, NULL),
(339, 102, 'xinweiling', 'yuer_xt', '7c40731b1aa5d840335d71e9ebcb27eb19642a93', '母婴亲子育儿早教学堂', NULL, 0, '1424034220@qq.com', 5, 0, NULL, '1377745591', 2, NULL, '', 1, NULL),
(340, 319, 'huranmei', 'clf13735066566', 'a7bd2206a2d765b5baa5a81a0dbe03256b04a454', '陈利芬', NULL, 0, '381339727@qq.com', 5, 0, NULL, '1377750500', 2, NULL, '', 1, NULL),
(367, 0, 'surprise666', 'surprise666', '027517babbbb3ecf94375c425cc581f773419482', '樊凯', '每天Surprise', 0, '646031858@qq.com', 4, 12, '1379580974', '1378345229', 2, '', '1409760000', 2, '112.84.117.131'),
(373, 327, 'shechipin33', 'shechipin333', '1efd45659e58b2a6ed2fcbfa11980a273ad9b097', '王思雨', NULL, 0, '1641241662@qq.com', 5, 1, '1379328783', '1378569038', 2, NULL, '', 1, '140.206.255.243'),
(377, 0, 'leddeng', 'leddeng', '45bdc60e31a10f26e8ba313c326a1887deabe5a3', '照明光电', NULL, 0, '632953618@qq.com', 0, 0, NULL, '1378826498', 2, NULL, '1394378498', -1, NULL),
(372, 0, 'shop08727666', 'shop08727666', '2cf3f1da7b93de70678f3a78ea0c5dd6dde15353', '金钥匙', NULL, 0, '1218688967@qq.com', 0, 0, NULL, '1378458641', 2, NULL, '1394010641', -1, NULL),
(374, 0, 'shop66066005', 'shop66066005', 'd8608436f506c615ae98405bc314330c283673c3', '新用户', '唯购', 0, NULL, 4, 0, NULL, '0', 2, NULL, '1410278400', 0, NULL),
(375, 0, 'shop75101504', 'shop75101504', '8badbdb22179363506c50d08629867b61e75822d', '新用户', '唯购', 0, NULL, 4, 1, '1378777994', '0', 2, NULL, '1410278400', 0, '116.226.36.189'),
(378, 0, 'lvfang0739', 'lvfang0739', 'c184e9c3b34ee53261bd21e89e3421b3ebd345c9', 'DOBO名奢馆', NULL, 0, 'lvfangcn@163.com', 0, 0, NULL, '1378889059', 2, NULL, '1394441059', -1, NULL),
(379, 0, 'dobo2013', 'dobo2013', 'c184e9c3b34ee53261bd21e89e3421b3ebd345c9', 'DOBO饰品', NULL, 0, 'lfolcn@163.com', 0, 0, NULL, '1378889667', 2, NULL, '1394441667', -1, NULL),
(381, 0, 'caoshaoguan', 'caoshaoguan', '0aad9082535bad4fd65194b1f05b1995098f7188', '源中瑞科技有限公司', NULL, 0, '2391851537@qq.com', 0, 0, NULL, '1378946127', 2, NULL, '1394498127', -1, NULL),
(382, 0, '254597313', '254597313', '7b744a40d13ce58b7f83e6a8c58458352c719e7f', '上海市', NULL, 0, '254597313@qq.com', 0, 0, NULL, '1378953319', 2, NULL, '1394505319', -1, NULL),
(384, 0, 'skybird', 'skybird', '6e5ec95592235be87b44aa95f411d9312640708d', '成都唯连科技', '', 0, '623247130@qq.com', 3, 6, '1379902869', '1379474056', 2, '', '1379952000', 2, '222.212.182.17'),
(385, 0, 'dtsbiluo', 'dtsbiluo', 'd7a686c1a3fb6923ff7fb192b9bbc8e04e01321f', '苏州市东山茶厂', NULL, 0, 'caifubaidu@vip.qq.com', 0, 0, NULL, '1379142624', 2, NULL, '1394694624', -1, NULL),
(386, 0, 'chenxin', 'chenxin', '1df46e86b42a78106f1716f72804c05ce626e8a2', '鑫兰格微电商', NULL, 0, '2801042829@qq.com', 0, 0, NULL, '1379230704', 2, NULL, '1394782704', -1, NULL),
(388, 149, 'shengzhuojun', 'xingfubanlu', '1249e7246e3e6dc1ade1ed9c401c99e28520a732', '幸福伴侣', NULL, 0, 'shengzhuojun@hotmail.com', 5, 0, NULL, '1379301668', 2, NULL, '', 1, NULL),
(389, 0, 'free7997mu', 'free7997mu', 'f7c3bc1d808e04732adf679965ccc34ca7ae3441', '打开了', NULL, 0, 'xyai1991@163.com', 0, 0, NULL, '1379409901', 2, NULL, '1394961901', -1, NULL),
(390, 0, 'cygmacel', 'cygmacel', 'f6fc6c16b57df88560ecec96eabf1d353b58606f', '恒酷网', '测试名称', 0, 'cygmacel@163.com', 3, 14, '1380000417', '1379830514', 2, '', '1380124800', 2, '124.162.23.194'),
(391, 0, 'sztonny', 'sztonny', '015c0d83e9a48d0439ac8f2d8109ba0fdf5ed03b', '深圳市世纪腾飞通信公司', NULL, 0, '1963837443@qq.com', 0, 0, NULL, '0', 2, NULL, '1395116672', -1, NULL),
(392, 0, 'yiju100', 'yiju100', '31651644b84367f15b8e2bc7b7ec802b1056bf19', '易居生活淘宝店', NULL, 0, 'yutianer@outlook.com', 0, 0, NULL, '0', 2, NULL, '1395194533', -1, NULL),
(395, 0, 'chfuyt', 'chfuyt', 'a959eb8e76a6aa1956c62735a0f8a35f1eba84d9', '永康市枫泰工贸有限公司', NULL, 0, '4849338@qq.com', 0, 0, NULL, '0', 2, NULL, '1395463099', -1, NULL),
(396, 0, 'k6xiao', 'k6xiao', '71830e15c4940cd95aa373839c5af5f791d2d596', '上海家康美乐', NULL, 0, '280202351@qq.com', 0, 0, NULL, '0', 2, NULL, '1395491575', -1, NULL),
(397, 0, 'shjkml', 'shjkml', 'd15061b3a1999a961b3503109e7479c3865405d6', '上海家康美乐', NULL, 0, '2031405492@qq.com', 0, 0, NULL, '0', 2, NULL, '1395492685', -1, NULL),
(399, 325, 'znlshop', 'szliulu', '1411678a0b9e25ee2f7c8b2f7ac92b6a74b3f9c5', '苏州正能量使者刘露', NULL, 0, '13818385613@139.com', 21, 5, '1380015072', '1380006480', 1, NULL, '', 1, '58.38.186.187');

-- --------------------------------------------------------

--
-- 表的结构 `wx_acl`
--

CREATE TABLE IF NOT EXISTS `wx_acl` (
  `acl_id` int(5) unsigned NOT NULL AUTO_INCREMENT COMMENT '操作自增ID',
  `acl_name` varchar(20) NOT NULL COMMENT '操作名称',
  `acl_icon` varchar(30) NOT NULL DEFAULT '#',
  `acl_url` varchar(256) NOT NULL DEFAULT '#' COMMENT '操作链接网址',
  `parent_id` int(5) NOT NULL DEFAULT '0' COMMENT '操作所属父节点ID',
  `is_menu` tinyint(2) unsigned NOT NULL DEFAULT '0' COMMENT '是否为菜单项 1-是 0-否',
  `act_key` varchar(256) NOT NULL DEFAULT '#' COMMENT '操作key,标准格式controller_action',
  `alias_key` varchar(30) DEFAULT NULL COMMENT '操作项别名,用于用户自定义菜单名称',
  `acl_help` text NOT NULL COMMENT '功能使用帮助信息',
  `acl_sorting` int(5) unsigned NOT NULL DEFAULT '0' COMMENT '排序',
  PRIMARY KEY (`acl_id`)
) ENGINE=MyISAM  DEFAULT CHARSET=utf8 AUTO_INCREMENT=182 ;

--
-- 转存表中的数据 `wx_acl`
--

INSERT INTO `wx_acl` (`acl_id`, `acl_name`, `acl_icon`, `acl_url`, `parent_id`, `is_menu`, `act_key`, `alias_key`, `acl_help`, `acl_sorting`) VALUES
(12, '控制面板', 'icon-home', '#', 0, 1, 'dashboard', NULL, '<p>#此处为使用帮助</p>', 1),
(13, '角色管理', 'icon-user', '/role', 18, 1, 'role', NULL, '<p>#</p>', 2002),
(14, '操作管理', 'icon-cog', '/access', 0, 1, 'acl', NULL, '<p>#</p>', 2001),
(15, '分类管理', 'icon-tasks', '#', 0, 1, 'category', NULL, '<p><span style="font-family:&#39;微软雅黑&#39;,&#39;sans-serif&#39;">问：添加分类时是否可以添加多级分类？</span></p><p><span style="font-size:14px;font-family:&#39;微软雅黑&#39;,&#39;sans-serif&#39;">答：可以的，比如化妆品分类下面可以添加欧莱雅等分类，在添加分类的时候选择属于分类即可。</span></p>', 5),
(18, '账号管理', 'icon-user', '#', 0, 1, 'tenant', NULL, '<p><span style="font-family:&#39;微软雅黑&#39;,&#39;sans-serif&#39;">问：添加的账号是怎么登陆的？</span></p><p><span style="font-family:&#39;微软雅黑&#39;,&#39;sans-serif&#39;">答：登陆地址和一般账号一样，地址都是http://login.veigou.com</span></p><p><span style="font-family:&#39;微软雅黑&#39;,&#39;sans-serif&#39;">问：被添加的账号登陆以后微商城首页和总账号是否一致？</span></p><p><span style="font-family:&#39;微软雅黑&#39;,&#39;sans-serif&#39;">答：一致，如总账号为yalong，那么添加任何账号之后，微商城首页都是yalong.veigou.com。</span></p><p><br/></p>', 4),
(19, '提示信息', 'icon-volume-up', '#', 0, 1, 'notice', NULL, '<p>#</p>', 9),
(20, '公告帮助', 'icon-bell', '#', 0, 1, 'help', NULL, '<p>#</p>', 8),
(23, '用户提交', 'icon-map-marker', '#', 0, 1, 'accounts', NULL, '<p><span style="font-family:&#39;微软雅黑&#39;,&#39;sans-serif&#39;">问：用户提交的信息是否永久保存？</span></p><p><span style="font-family:&#39;微软雅黑&#39;,&#39;sans-serif&#39;">答：为了更加方便商家对用户信息进行分析统计，也为了保证各用户在本平台使用较多的关键词得以回复更精准的内容，本系统内用户提交的信息（包括文本、图片、链接、地理位置等）都能永久保存。</span></p>', 10),
(24, '有问必答', 'icon-edit', '#', 0, 1, 'askboard', NULL, '#', 11),
(25, '控制主页', '#', '/home', 12, 1, 'home_index', NULL, '<p><strong>此帮助信息是动态的，每个功能都对应不同的使用说明，方便系统用户随时查看操作说明，并且不影响当前操作和用户体验。</strong></p>', 1001),
(26, '账号设置', '#', '/users/edit', 12, 1, 'users_edit', NULL, '<p><span style="font-family:&#39;微软雅黑&#39;,&#39;sans-serif&#39;"></span></p><p><span style="font-family:&#39;微软雅黑&#39;,&#39;sans-serif&#39;">问：姓名的填写有规定吗？</span></p><p><span style="font-family:&#39;微软雅黑&#39;,&#39;sans-serif&#39;">答：必须填写本人真实姓名，因为后面要进行实名认证，要提交身份证扫描件。</span></p><p><span style="font-family:&#39;微软雅黑&#39;,&#39;sans-serif&#39;">问：账号设置中的URL和Token有什么作用？</span></p><p><span style="font-family:&#39;微软雅黑&#39;,&#39;sans-serif&#39;">答：这两项是为了绑定微信公众平台中的开发模式。</span></p>', 1003),
(28, '角色列表', '#', '/role', 13, 1, 'role_index', NULL, '#', 0),
(88, '删除账号', '#', '/users/delete', 45, 0, 'users_delete', NULL, '', 88),
(30, '操作列表', '#', '/access/', 14, 1, 'access_index', NULL, '<p>非技术人员，请勿进行任何改动</p>', 0),
(31, '权限分配', '#', '/access/roles', 14, 0, 'access_roles', NULL, '#', 0),
(32, '添加操作', '#', '/access/create', 30, 0, 'access_create', NULL, '#', 0),
(33, '编辑操作', '#', '/access/edit', 30, 0, 'access_edit', NULL, '#', 0),
(34, '添加角色', '#', '/role/create', 13, 1, 'role_create', NULL, '#', 0),
(35, '商品分类', '#', '/t/index?classid=10', 15, 1, 'type_index', NULL, '<p><span style="font-family:&#39;微软雅黑&#39;,&#39;sans-serif&#39;">问：添加分类时是否可以添加多级分类？</span></p><p><span style="font-size:14px;font-family:&#39;微软雅黑&#39;,&#39;sans-serif&#39;">答：可以的，比如化妆品分类下面可以添加欧莱雅等分类，在添加分类的时候选择属于分类即可。</span></p>', 0),
(36, '新闻分类', '#', '/t/index?classid=11', 157, 1, 'type_index', NULL, '<p><span style="font-family:&#39;微软雅黑&#39;,&#39;sans-serif&#39;">问：新闻分类是否可以添加多级分类？</span></p><p style="orphans: 2;widows: 2"><span style="font-family:&#39;微软雅黑&#39;,&#39;sans-serif&#39;">答：可以的，比如业内新闻可以分为国内或者国外的，在行业内的分类下面加上国内和国外两个分类从属于行业内的大分类即可。</span></p>', 0),
(37, '帮助分类', '#', '/t/index?classid=12', 15, 1, 'type_index', NULL, '#', 0),
(45, '管理账号', '#', '/users', 18, 1, 'users_index', NULL, '<p><span style="font-family:&#39;微软雅黑&#39;,&#39;sans-serif&#39;">问：添加的账号是怎么登陆的？</span></p><p><span style="font-family:&#39;微软雅黑&#39;,&#39;sans-serif&#39;">答：登陆地址和一般账号一样，地址都是http://login.veigou.com</span></p><p><span style="font-family:&#39;微软雅黑&#39;,&#39;sans-serif&#39;">问：被添加的账号登陆以后微商城首页和总账号是否一致？</span></p><p><span style="font-family:&#39;微软雅黑&#39;,&#39;sans-serif&#39;">答：一致，如总账号为yalong，那么添加任何账号之后，微商城首页都是yalong.veigou.com。</span></p>', 2003),
(46, '添加账号', '#', '/users/create', 45, 1, 'users_create', NULL, '<p>#</p>', 2004),
(47, '提示列表', '#', '/msg', 19, 1, 'msg_index', NULL, '#', 0),
(48, '添加提示', '#', '/msg/create', 19, 1, 'msg_create', NULL, '#', 0),
(49, '内容列表', '#', '/help/index', 20, 1, 'help_index', NULL, '<p>#</p>', 0),
(50, '分类列表', '#', '/t/index?classid=12', 20, 1, 'type_index', NULL, '<p>#</p>', 0),
(51, '添加内容', '#', '/help/create', 49, 0, 'help_create', NULL, '<p>#</p>', 0),
(62, '文本消息', '#', '/keyword', 23, 1, 'keyword_index', NULL, '<p><span style="font-family:&#39;微软雅黑&#39;,&#39;sans-serif&#39;">问：用户提交的信息是否永久保存？</span></p><p><span style="font-family:&#39;微软雅黑&#39;,&#39;sans-serif&#39;">答：为了更加方便商家对用户信息进行分析统计，也为了保证各用户在本平台使用较多的关键词得以回复更精准的内容，本系统内用户提交的信息（包括文本、图片、链接、地理位置等）都能永久保存。</span></p>', 1),
(63, '图片消息', '#', '/keyword/images', 23, 1, 'keyword_images', NULL, '#', 2),
(64, '位置消息', '#', '/keyword/location', 23, 1, 'keyword_location', NULL, '#', 3),
(65, '链接消息', '#', '/keyword/link', 23, 1, 'keyword_link', NULL, '#', 4),
(66, '提交问题', '#', '/answers/create', 24, 1, 'answers_create', NULL, '#', 0),
(67, '问题列表', '#', '/answers', 24, 1, 'answers_index', NULL, '<p><span style="font-family:&#39;微软雅黑&#39;,&#39;sans-serif&#39;">问：有问必答是怎么使用的？提问的问题进入到哪里了？</span></p><p><span style="font-size:14px;font-family:&#39;微软雅黑&#39;,&#39;sans-serif&#39;">答：有问必答是主要服务于商家用户，如果商家用户在系统操作中有疑问或者解决不了的问题，可以在有问必答中进行提问，填写问题的详细说明和联系方式等，所提交的问题进入到我们技术回复栏目，我们会根据商家用户提出的问题进行及时有效的回复。问题列表中即显示本商家所提所有问题和回复状态等。</span></p>', 0),
(68, '修改权限', '#', '/access/assign', 31, 0, 'access_assign', NULL, '<p>#</p>', 0),
(69, '信息群发', 'icon-random', '/message', 0, 0, 'message_index', NULL, '<p>#</p>', 100),
(70, '编辑角色', '#', '/role/edit', 13, 0, 'role_edit', NULL, '#', 0),
(71, '删除操作', '#', '/access/delete', 30, 0, 'access_delete', NULL, '#', 0),
(72, '添加分类', '#', '/type/create', 15, 0, 'type_create', NULL, '<p><span style="font-family:&#39;微软雅黑&#39;,&#39;sans-serif&#39;">问：添加分类时是否可以添加多级分类？</span></p><p><span style="font-family:&#39;微软雅黑&#39;,&#39;sans-serif&#39;">答：可以的，比如化妆品分类下面可以添加欧莱雅等分类，在添加分类的时候选择属于分类即可。</span></p>', 0),
(73, '编辑分类', '#', '/type/edit', 15, 0, 'type_edit', NULL, '#', 0),
(74, '删除分类', '#', '/type/delete', 15, 0, 'type_delete', NULL, '#', 0),
(75, '群发消息', '#', '/message/addtask', 69, 0, 'message_addtask', NULL, '', 0),
(76, '基本配置', '#', '/users/config', 12, 1, 'users_config', NULL, '<p><span style="font-family:&#39;微软雅黑&#39;,&#39;sans-serif&#39;">问：平台类别有什么区别？</span></p><p><span style="font-family:&#39;微软雅黑&#39;,&#39;sans-serif&#39;">答：微站平台是可以开设企业公司微网站的平台，微商城是针对商家开设微信商城而设置。</span></p><p><span style="font-family:&#39;微软雅黑&#39;,&#39;sans-serif&#39;">问：这里要填写的微信公众号是否就是直接绑定了公众平台？</span></p><p><span style="font-family:&#39;微软雅黑&#39;,&#39;sans-serif&#39;">答：不是的，这里只是登记信息，要绑定公众平台要点击控制面板中的账号设置获取相对应的URL和Token才能进行绑定公众平台。</span></p><p><span style="font-family:&#39;微软雅黑&#39;,&#39;sans-serif&#39;">问：移动商城名称具体是怎么显示的？</span></p><p><span style="font-family:&#39;微软雅黑&#39;,&#39;sans-serif&#39;">答：商城的名称显示在微商城首页的左上角。范例可参见：yalong.veigou.com。</span></p><p><span style="font-family:&#39;微软雅黑&#39;,&#39;sans-serif&#39;">问：支付宝支付接口类型有什么区别，具体怎么使用？</span></p><p><span style="font-family:&#39;微软雅黑&#39;,&#39;sans-serif&#39;">答：即时到帐接口支持支付宝账户为企业支付宝，并已申请即时到帐签约功能，然后绑定支付宝PID和支付宝KEY即可完成支付配置。平台商即时到帐支持个人支付宝账号，填入支付宝账号即可完成配置。（使用平台商即时到帐接口的用户需要进行商家实名认证，登记营业执照等相关信息等）</span></p><p><span style="font-family:&#39;微软雅黑&#39;,&#39;sans-serif&#39;">问：被关注回复两种方式有什么区别？</span></p><p><span style="font-family:&#39;微软雅黑&#39;,&#39;sans-serif&#39;">答：用户关注公众平台之后有两种欢迎方式即为文本方式和产品列表方式。文本方式可以直接在文本框内打出欢迎词，并选中需要加上链接的文字点击插入链接符号，输入需要插入的链接即可。产品列表欢迎方式是在欢迎推荐的商品中选择需要设置为欢迎推荐的商品生成列表在用户关注之后推送。</span></p><p><span style="font-family:&#39;微软雅黑&#39;,&#39;sans-serif&#39;">问：缺省消息回复是什么意思，怎么设置？</span></p><p><span style="font-family:&#39;微软雅黑&#39;,&#39;sans-serif&#39;">答：缺省消息即为用户在微信公众平台输入搜索词而没有已设置的内容进行匹配，继而推送缺省消息。可以设置为人性化的解释语，也可以在关键字部分加上链接，方法同被关注的文本中链接加入方式。</span></p>', 1002),
(81, '删除角色', '#', '/role/delete', 13, 0, 'role_delete', NULL, '<p>#</p>', 0),
(83, '更新排序', '#', '/access/ajaxUpdateSorting', 30, 0, 'access_ajaxupdatesorting', NULL, '<p>更新操作唯一标识的排序</p>', 1003),
(87, '编辑账号', '#', '/users/edit', 45, 0, 'users_edit', NULL, '', 87),
(85, '查看问题', '#', '/answers/view', 24, 0, 'answers_view', NULL, '<p>查看问题</p>', 85),
(86, '问答回复', '#', '/answers/answer', 24, 0, 'answers_answer', NULL, '', 86),
(92, '关于公司', 'icon-font', '#', 0, 1, 'article', NULL, '', 3),
(93, '关于我们', '#', '/article/about?classid=30', 92, 1, 'article_about', '_aboutus', '', 93),
(94, '联系我们', '#', '/article/about?classid=40', 92, 1, 'article_about', '_contact', '', 94),
(95, '招聘信息', '#', '/article/about?classid=50', 92, 1, 'article_about', '_zhaopin', '', 95),
(96, '支付宝测试', '#', '/users/alipay', 12, 0, 'users_alipay', NULL, '', 1004),
(110, '会员管理', 'icon-user', '#', 0, 1, 'member', NULL, '', 8),
(111, '会员列表', '#', '/member', 110, 1, 'member_index', NULL, '', 111),
(112, '编辑会员', '#', '/member/edit', 110, 0, 'member_edit', NULL, '', 112),
(125, '库存帐号', '#', '/users/randuser', 18, 1, 'users_randuser', NULL, '', 125),
(127, '新闻内容', '#', '/article/index', 157, 1, 'article_index', NULL, '<p><span style="font-family:&#39;微软雅黑&#39;,&#39;sans-serif&#39;">问：新闻动态列表都能显示哪些？是否可以对已添加的新闻进行删除修改？</span></p><p><span style="font-family:&#39;微软雅黑&#39;,&#39;sans-serif&#39;">答：可以，每一篇文章前面也会生成相应的二维码，而且还有日常UV和PV的浏览量，以及本新闻的更新时间；如果需要对本新闻进行编辑修改或者删除，可以点击修改和删除按钮进行操作。</span></p>', 120),
(128, '添加公司动态', '#', '/article/create', 127, 0, 'article_create', NULL, '', 128),
(129, '编辑公司动态', '#', '/article/edit', 127, 0, 'article_edit', NULL, '', 129),
(130, '删除公司动态', '#', '/article/delete', 127, 0, 'article_delete', NULL, '', 130),
(137, '管理商品分类属性/规格', '#', '/attribute/index', 35, 0, 'attribute_index', NULL, '', 137),
(138, '添加商品属性', '#', '/attribute/create', 35, 0, 'attribute_create', NULL, '', 138),
(139, '编辑商品属性', '#', '/attribute/edit', 35, 0, 'attribute_edit', NULL, '', 139),
(140, '删除商品属性', '#', '/attribute/delete', 35, 0, 'attribute_delete', NULL, '', 140),
(144, '营销插件', 'icon-eye-open', '#', 0, 1, 'plug_manage', NULL, '', 10),
(145, '活动报名', '#', '/party/index', 144, 1, 'party_index', NULL, '<p><strong>说明：</strong>本功能是借助活动报名的方式，进行名单搜集。</p><p><strong>使用帮助：</strong></p><ol style="list-style-type: decimal; " class=" list-paddingleft-2"><li><p>创建活动，写清楚活动的图文说明即可；</p></li><li><p>将生成的链接输入到微信，然后点击链接，分享给朋友或者分享到朋友圈；</p></li><li><p>在后台可查看报名列表，完成用户名单和联系方式的积累。<br/></p></li></ol>', 145),
(146, '添加活动', '#', '/party/create', 145, 1, 'party_create', NULL, '', 146),
(147, '编辑活动', '#', '/party/edit', 145, 1, 'party_edit', NULL, '', 147),
(148, '删除活动', '#', '/party/delete', 145, 1, 'party_delete', NULL, '', 148),
(149, '名单列表', '#', '/party/partyusers', 145, 0, 'party_partyusers', NULL, '', 149),
(150, '删除名单', '#', '/party/partyusersdelete', 145, 0, 'party_partyusersdelete', NULL, '', 150),
(151, '编辑内容', '#', '/help/edit', 49, 0, 'help_edit', NULL, '', 151),
(152, '删除内容', '#', '/help/delete', 49, 0, 'help_delete', NULL, '', 152),
(153, '会员等级', '#', '/level/index', 110, 1, 'level_index', NULL, '', 153),
(154, '添加等级', '#', '/level/create', 153, 0, 'level_create', NULL, '', 154),
(155, '编辑等级', '#', '/level/edit', 153, 0, 'level_edit', NULL, '', 155),
(156, '删除等级', '#', '/level/delete', 153, 0, 'level_delete', NULL, '', 156),
(157, '新闻动态', 'icon-bold', '/article/index', 0, 1, 'article_index', '_artlist', '', 3),
(159, '合作加盟', '#', '/article/about?classid=70', 92, 1, 'article_about', '_hezuo', '', 159),
(160, '大转盘刮刮卡', '#', '/market/index', 144, 1, 'market_index', NULL, '<p><span style="font-family:&#39;微软雅黑&#39;,&#39;sans-serif&#39;">问：大转盘和刮刮卡是如何使用的，如何给用户提供的？</span></p><p><span style="font-family:&#39;微软雅黑&#39;,&#39;sans-serif&#39;">答：大转盘和刮刮卡是本平台对于用户管理和搜集方面提供的一项比较有趣的营销类插件，商家可以在添加这两项活动的时候进行设置各类奖项和开始结束时间等。用户可以进行搜索相关关键词如“大转盘”进行推送回复，即可参加各类大转盘刮刮卡等活动。</span></p>', 160),
(161, '编辑营销活动', '#', '/market/activity', 160, 0, 'market_activity', NULL, '', 161),
(164, '兑奖管理', '#', '/market/snmanager', 144, 1, 'market_snmanager', NULL, '<p><span style="font-family:&#39;微软雅黑&#39;,&#39;sans-serif&#39;">问：兑奖管理主要是对哪些奖项和设置进行管理？</span></p><p><span style="font-family:&#39;微软雅黑&#39;,&#39;sans-serif&#39;">答：兑奖管理中可以显示所有参加“大转盘”、“刮刮卡”等项目的所有中奖成员和信息进行管理，商家可以在此进行奖项分发和用户管理等。</span></p>', 164),
(162, '删除营销活动', '#', '/market/delete', 160, 0, 'market_delete', NULL, '', 162),
(163, '保存营销活动', '#', '/market/save', 160, 0, 'market_save', NULL, '', 163),
(166, '添加大转盘', '#', '/market/activity?action=add&amp;type=1', 144, 1, 'market_activity', NULL, '<p><span style="font-family:&#39;微软雅黑&#39;,&#39;sans-serif&#39;">问：大转盘和刮刮卡是如何使用的，如何给用户提供的？</span></p><p><span style="font-family:&#39;微软雅黑&#39;,&#39;sans-serif&#39;">答：大转盘和刮刮卡是本平台对于用户管理和搜集方面提供的一项比较有趣的营销类插件，商家可以在添加这两项活动的时候进行设置各类奖项和开始结束时间等。用户可以进行搜索相关关键词如“大转盘”进行推送回复，即可参加各类大转盘刮刮卡等活动。</span></p>', 161),
(165, '编辑兑奖', '#', '/market/snsave', 164, 0, 'market_snsave', NULL, '', 165),
(167, '添加刮刮卡', '#', '/market/activity?action=add&amp;type=2', 144, 1, 'market_activity', NULL, '<p><span style="font-family:&#39;微软雅黑&#39;,&#39;sans-serif&#39;">问：大转盘和刮刮卡是如何使用的，如何给用户提供的？</span></p><p><span style="font-family:&#39;微软雅黑&#39;,&#39;sans-serif&#39;">答：大转盘和刮刮卡是本平台对于用户管理和搜集方面提供的一项比较有趣的营销类插件，商家可以在添加这两项活动的时候进行设置各类奖项和开始结束时间等。用户可以进行搜索相关关键词如“大转盘”进行推送回复，即可参加各类大转盘刮刮卡等活动。</span></p>', 161),
(168, '菜单别名', '#', '/alias/index', 12, 1, 'alias_index', NULL, '<p><span style="font-family:&#39;微软雅黑&#39;,&#39;sans-serif&#39;">问：菜单别名是什么意思？如何设置菜单别名和菜单的其他功能？</span></p><p><span style="font-family:&#39;微软雅黑&#39;,&#39;sans-serif&#39;">答：菜单别名主要针对微站用户，所谓的菜单别名即为商家微网站上各个分类的个性化名称，如可以将“关于我们”更改为“公司简介”等，同时还可以更改各分类的板块图标。点击“菜单别名”列表修改，即可设置菜单别名和图标的更换。</span></p>', 1005),
(169, '编辑别名', '#', '/alias/edit', 168, 0, 'alias_edit', NULL, '', 169),
(170, '公司公告', '#', '/article/index?s=blt', 92, 1, 'article_blt', '_bulletin', '', 170),
(171, '编辑投票界面', '#', '/market/vtconfig', 144, 1, 'market_vtconfig', NULL, '<p><span style="font-family:&#39;微软雅黑&#39;,&#39;sans-serif&#39;">问：如何设置一次投票，投票的方式都有哪些？</span></p><p><span style="font-family:&#39;微软雅黑&#39;,&#39;sans-serif&#39;">答：点击投票设置，可以对投票活动的开始结束时间、投票所选内容、是否单选多选和面向用户的类型等进行设置，目前投票方式为文本型投票，即设置文字选项供用户进行选择。</span></p>', 171),
(172, '查看投票结果', '#', '/market/vtresult', 144, 1, 'market_vtresult', NULL, '<p><span style="font-family:&#39;微软雅黑&#39;,&#39;sans-serif&#39;">问：投票结果是如何显示，用户是否可以看到所有投票的结果？</span></p><p><span style="font-family:&#39;微软雅黑&#39;,&#39;sans-serif&#39;">答：可以，用户在投票结束后，可以看到各投票项目的已投票数。</span></p>', 172),
(173, '广告管理', 'icon-star-empty', '#', 0, 1, 'advert', NULL, '', 4),
(174, '广告列表', '#', '/advert/index', 173, 1, 'advert_index', NULL, '', 174),
(175, '添加广告', '#', '/advert/create', 174, 1, 'advert_create', NULL, '', 175),
(176, '删除广告', '#', '/advert/delete', 174, 0, 'advert_delete', NULL, '', 176),
(177, '广告位置', '#', '/ads/index', 173, 1, 'ads_index', NULL, '', 177),
(178, '编辑广告', '#', '/advert/edit', 174, 0, 'advert_edit', NULL, '', 178),
(179, '添加广告位', '#', '/ads/create', 177, 1, 'ads_create', NULL, '', 179),
(180, '编辑广告位', '#', '/ads/edit', 177, 0, 'ads_edit', NULL, '', 180),
(181, '删除广告位', '#', '/ads/delete', 177, 0, 'ads_delete', NULL, '', 181);

-- --------------------------------------------------------

--
-- 表的结构 `wx_acl_alias`
--

CREATE TABLE IF NOT EXISTS `wx_acl_alias` (
  `acl_id` int(5) unsigned NOT NULL DEFAULT '0' COMMENT '操作ID',
  `alias_key` varchar(30) NOT NULL COMMENT '操作项别名标识',
  `alias_label` varchar(30) NOT NULL COMMENT '操作项别名',
  `alias_icon` varchar(30) NOT NULL COMMENT '别名ICON',
  `lang` enum('cn','en') NOT NULL DEFAULT 'cn' COMMENT '使用语言',
  `domain` varchar(40) NOT NULL COMMENT '所在域',
  KEY `acl_id` (`acl_id`,`alias_key`,`domain`)
) ENGINE=MyISAM DEFAULT CHARSET=utf8 COMMENT='操作项别名信息表';

--
-- 转存表中的数据 `wx_acl_alias`
--

INSERT INTO `wx_acl_alias` (`acl_id`, `alias_key`, `alias_label`, `alias_icon`, `lang`, `domain`) VALUES
(93, '_aboutus', '关于我们  I  联系我们', 'icon icon-group', 'cn', 'znlshop'),
(157, '_artlist', '正能量故事', 'icon-list-ul', 'cn', 'znlshop'),
(17, 'list', '产品展示', 'icon-reorder', 'cn', 'yjf'),
(17, 'list', '正能量微商城', 'icon-reorder', 'cn', 'znlshop'),
(17, '_commoditylist', '正能量微商城', 'icon-shopping-cart', 'cn', 'znlshop'),
(170, '_bulletin', '最新活动', 'icon-bullhorn', 'cn', 'znlshop'),
(94, '_contact', '网站公告 I 新手上路', 'icon-volume-down', 'cn', 'znlshop'),
(95, '_zhaopin', '', 'icon-user', 'cn', 'znlshop'),
(159, '_hezuo', '', 'icon-reorder', 'cn', 'znlshop'),
(21, '_shoplist', '服务网点', 'icon-map-marker', 'cn', 'znlshop');

-- --------------------------------------------------------

--
-- 表的结构 `wx_articles`
--

CREATE TABLE IF NOT EXISTS `wx_articles` (
  `art_id` int(11) unsigned NOT NULL AUTO_INCREMENT COMMENT '自增主键ID',
  `art_title` varchar(256) NOT NULL COMMENT '文章标题',
  `art_title_url` varchar(256) DEFAULT NULL COMMENT '跳转链接',
  `art_content` text COMMENT '文章内容',
  `art_uv` int(11) unsigned NOT NULL DEFAULT '0' COMMENT '访问UV',
  `art_pv` int(11) unsigned NOT NULL DEFAULT '0' COMMENT '访问PV',
  `art_from` varchar(50) NOT NULL COMMENT '文章来源',
  `author` varchar(50) NOT NULL DEFAULT '' COMMENT '文章作者',
  `owner_id` int(11) unsigned NOT NULL DEFAULT '0' COMMENT '创建者ID',
  `created_time` int(11) unsigned NOT NULL DEFAULT '0' COMMENT '创建时间',
  `updated_time` int(11) unsigned NOT NULL DEFAULT '0' COMMENT '更新时间',
  `domain` char(40) NOT NULL COMMENT '文章所在域',
  `classid` tinyint(3) unsigned NOT NULL DEFAULT '0' COMMENT '文章类别 30-关于我们,40-联系我们,50-招聘信息,60-公司动态',
  `subclassid` int(11) unsigned NOT NULL DEFAULT '0' COMMENT '子类ID',
  `commend` int(2) NOT NULL DEFAULT '0' COMMENT '否是推荐；1为推荐，0为不推荐，2为首页推荐',
  `display` tinyint(2) unsigned NOT NULL DEFAULT '1' COMMENT '是否显示 1-显示,0-不显示',
  `is_removable` tinyint(2) unsigned NOT NULL DEFAULT '1' COMMENT '是否可删除 1-是 0-否',
  PRIMARY KEY (`art_id`),
  KEY `classid` (`classid`)
) ENGINE=MyISAM  DEFAULT CHARSET=utf8 COMMENT='文章信息表' AUTO_INCREMENT=415 ;

-- --------------------------------------------------------

--
-- 表的结构 `wx_brands`
--

CREATE TABLE IF NOT EXISTS `wx_brands` (
  `brand_id` int(11) unsigned NOT NULL AUTO_INCREMENT,
  `brand_name` varchar(60) NOT NULL DEFAULT '',
  `brand_logo` varchar(100) NOT NULL DEFAULT '',
  `brand_desc` text,
  `domain` char(40) NOT NULL,
  `site_url` varchar(255) NOT NULL DEFAULT '',
  `sorting` int(11) unsigned NOT NULL DEFAULT '0',
  `display` tinyint(2) unsigned NOT NULL DEFAULT '1',
  PRIMARY KEY (`brand_id`)
) ENGINE=MyISAM  DEFAULT CHARSET=utf8 COMMENT='商品品牌表' AUTO_INCREMENT=48 ;

-- --------------------------------------------------------

--
-- 表的结构 `wx_files`
--

CREATE TABLE IF NOT EXISTS `wx_files` (
  `file_id` int(11) unsigned NOT NULL AUTO_INCREMENT,
  `file_desc` varchar(255) DEFAULT NULL COMMENT '文件描述',
  `path` varchar(100) NOT NULL COMMENT '文件所在路径',
  `filesize` int(11) unsigned NOT NULL DEFAULT '0' COMMENT '文件大小(字节数)',
  `is_img` tinyint(2) unsigned NOT NULL DEFAULT '1' COMMENT '0-非图片 1-图片',
  `created_time` int(11) unsigned NOT NULL DEFAULT '0',
  `updated_time` int(11) unsigned NOT NULL DEFAULT '0',
  `module_id` tinyint(2) unsigned NOT NULL DEFAULT '0' COMMENT '文件所在模块10-商品图片 20-flash图片 30-其他素材',
  `target_id` int(11) unsigned NOT NULL DEFAULT '0' COMMENT '文件从属对象ID',
  `owner_id` int(11) unsigned NOT NULL DEFAULT '0' COMMENT '文件创建者ID - 即userid',
  PRIMARY KEY (`file_id`),
  KEY `module_id` (`module_id`),
  KEY `target_id` (`target_id`)
) ENGINE=MyISAM  DEFAULT CHARSET=utf8 AUTO_INCREMENT=2735 ;

-- --------------------------------------------------------

--
-- 表的结构 `wx_member_levels`
--

CREATE TABLE IF NOT EXISTS `wx_member_levels` (
  `level_id` int(11) unsigned NOT NULL AUTO_INCREMENT,
  `level_name` varchar(30) NOT NULL,
  `level_desc` varchar(255) DEFAULT NULL,
  `level_point` int(11) unsigned NOT NULL DEFAULT '0',
  `level_icon` varchar(100) DEFAULT NULL,
  `domain` varchar(40) NOT NULL,
  PRIMARY KEY (`level_id`),
  KEY `domain` (`domain`)
) ENGINE=MyISAM  DEFAULT CHARSET=utf8 AUTO_INCREMENT=21 ;

-- --------------------------------------------------------

--
-- 表的结构 `wx_roles`
--

CREATE TABLE IF NOT EXISTS `wx_roles` (
  `role_id` int(11) unsigned NOT NULL AUTO_INCREMENT COMMENT '角色ID',
  `role_name` varchar(20) NOT NULL COMMENT '角色名称',
  `created_time` int(11) unsigned NOT NULL DEFAULT '0' COMMENT '创建日期',
  `owner_id` int(11) unsigned NOT NULL DEFAULT '0' COMMENT '角色拥有人的ID,用于标识该角色由哪个父角色创建',
  `owner_domain` char(40) NOT NULL DEFAULT '-' COMMENT '角色创建者所在域',
  `sort_id` int(11) unsigned NOT NULL DEFAULT '0' COMMENT '数据排序',
  `role_alias` varchar(30) NOT NULL DEFAULT '#' COMMENT '角色别名显示',
  PRIMARY KEY (`role_id`),
  KEY `owner_domain` (`owner_domain`)
) ENGINE=MyISAM  DEFAULT CHARSET=utf8 COMMENT='用户角色表' AUTO_INCREMENT=23 ;

--
-- 转存表中的数据 `wx_roles`
--

INSERT INTO `wx_roles` (`role_id`, `role_name`, `created_time`, `owner_id`, `owner_domain`, `sort_id`, `role_alias`) VALUES
(1, 'admin', 1375159827, 0, '-', 0, '#'),
(2, '微商城-尊贵版', 1375686725, 1, 'yjf', 13, '#'),
(3, '微商城-高级版', 1376123516, 1, 'yjf', 15, '#'),
(4, '张辉营销团队', 1376277534, 1, 'yjf', 16, '#'),
(5, '微商城-高级版分店管理员', 1376662758, 1, 'yjf', 17, '#'),
(18, '微站-尊贵版', 1376732244, 1, 'yjf', 18, '#'),
(19, '微站-高级版', 1376732254, 1, 'yjf', 19, '#'),
(20, '微站-高级版分店管理员', 1376732278, 1, 'yjf', 20, '#'),
(21, '微商城-尊贵版分店管理员', 1376732278, 1, 'yjf', 21, '#'),
(22, '微站-尊贵版分店管理员', 1376732278, 1, 'yjf', 22, '#');

-- --------------------------------------------------------

--
-- 表的结构 `wx_role_acl`
--

CREATE TABLE IF NOT EXISTS `wx_role_acl` (
  `id` int(11) unsigned NOT NULL AUTO_INCREMENT COMMENT '角色权限自增ID',
  `role_id` int(11) unsigned NOT NULL DEFAULT '0' COMMENT '角色ID',
  `acl_id` int(5) unsigned NOT NULL DEFAULT '0' COMMENT '操作标识ID',
  PRIMARY KEY (`id`),
  KEY `domain` (`role_id`)
) ENGINE=MyISAM  DEFAULT CHARSET=utf8 COMMENT='角色权限分配控制表' AUTO_INCREMENT=985 ;

--
-- 转存表中的数据 `wx_role_acl`
--

INSERT INTO `wx_role_acl` (`id`, `role_id`, `acl_id`) VALUES
(212, 1, 88),
(204, 3, 85),
(203, 1, 86),
(202, 1, 85),
(201, 3, 84),
(198, 1, 83),
(191, 3, 15),
(190, 1, 82),
(189, 3, 75),
(188, 3, 69),
(183, 3, 80),
(176, 1, 79),
(182, 3, 79),
(177, 16, 79),
(178, 1, 80),
(219, 3, 78),
(179, 16, 80),
(180, 3, 77),
(175, 16, 46),
(174, 16, 45),
(173, 16, 44),
(172, 16, 18),
(171, 16, 78),
(170, 1, 78),
(169, 16, 75),
(168, 16, 69),
(167, 16, 29),
(166, 16, 27),
(165, 16, 63),
(164, 16, 62),
(163, 16, 23),
(162, 16, 77),
(161, 16, 40),
(160, 16, 39),
(159, 16, 38),
(158, 16, 16),
(157, 16, 74),
(156, 16, 73),
(155, 16, 72),
(154, 16, 37),
(153, 16, 36),
(152, 16, 35),
(151, 16, 15),
(150, 16, 68),
(149, 16, 31),
(148, 16, 71),
(147, 16, 33),
(146, 16, 32),
(145, 16, 30),
(144, 16, 14),
(143, 16, 70),
(142, 16, 34),
(141, 16, 28),
(140, 16, 13),
(139, 16, 76),
(138, 16, 26),
(137, 16, 25),
(136, 16, 12),
(135, 1, 77),
(250, 3, 76),
(133, 1, 76),
(184, 1, 81),
(131, 1, 75),
(187, 3, 74),
(129, 1, 74),
(128, 1, 73),
(127, 1, 72),
(126, 1, 71),
(125, 1, 70),
(124, 1, 69),
(200, 1, 84),
(122, 3, 67),
(121, 3, 66),
(120, 3, 24),
(119, 3, 65),
(118, 3, 64),
(117, 3, 63),
(116, 3, 62),
(115, 3, 23),
(114, 3, 61),
(113, 3, 60),
(112, 3, 59),
(23, 1, 12),
(111, 3, 58),
(13, 13, 10),
(110, 3, 57),
(109, 3, 56),
(108, 3, 55),
(107, 3, 54),
(106, 3, 22),
(105, 3, 53),
(104, 3, 52),
(103, 3, 21),
(209, 3, 46),
(208, 3, 45),
(227, 5, 17),
(99, 3, 18),
(98, 3, 43),
(97, 3, 42),
(96, 3, 41),
(95, 3, 17),
(94, 3, 40),
(93, 3, 39),
(92, 3, 38),
(91, 3, 16),
(185, 3, 72),
(199, 3, 35),
(186, 3, 73),
(211, 3, 87),
(210, 1, 87),
(226, 5, 26),
(251, 1, 92),
(224, 5, 25),
(82, 3, 26),
(81, 3, 25),
(80, 3, 12),
(79, 1, 68),
(78, 1, 67),
(77, 1, 66),
(76, 1, 65),
(75, 1, 64),
(74, 1, 63),
(73, 1, 62),
(72, 1, 61),
(11, 1, 11),
(71, 1, 60),
(22, 13, 1),
(70, 1, 59),
(69, 1, 58),
(68, 1, 57),
(67, 1, 56),
(66, 1, 55),
(65, 1, 54),
(64, 1, 53),
(63, 1, 52),
(62, 1, 51),
(61, 1, 50),
(60, 1, 49),
(59, 1, 48),
(58, 1, 47),
(57, 1, 46),
(56, 1, 45),
(55, 1, 44),
(54, 1, 43),
(53, 1, 42),
(52, 1, 41),
(51, 1, 40),
(50, 1, 39),
(49, 1, 38),
(48, 1, 37),
(47, 1, 36),
(46, 1, 35),
(45, 1, 34),
(44, 1, 33),
(43, 1, 32),
(42, 1, 31),
(41, 1, 30),
(40, 1, 29),
(39, 1, 28),
(38, 1, 27),
(37, 1, 26),
(36, 1, 25),
(35, 1, 24),
(34, 1, 23),
(33, 1, 22),
(32, 1, 21),
(31, 1, 20),
(30, 1, 19),
(29, 1, 18),
(28, 1, 17),
(27, 1, 16),
(26, 1, 15),
(25, 1, 14),
(24, 1, 13),
(19, 13, 3),
(20, 13, 7),
(16, 13, 8),
(21, 13, 5),
(10, 1, 10),
(9, 1, 9),
(8, 1, 8),
(7, 1, 7),
(6, 1, 6),
(5, 1, 5),
(4, 1, 4),
(3, 1, 3),
(2, 1, 2),
(1, 1, 1),
(223, 5, 12),
(213, 3, 88),
(214, 1, 89),
(215, 1, 90),
(216, 3, 89),
(217, 3, 90),
(218, 3, 82),
(220, 1, 91),
(222, 3, 91),
(228, 5, 42),
(229, 5, 43),
(230, 5, 22),
(231, 5, 57),
(232, 5, 54),
(233, 5, 61),
(234, 5, 58),
(235, 5, 55),
(236, 5, 59),
(237, 5, 56),
(238, 5, 60),
(239, 5, 84),
(256, 19, 25),
(255, 19, 12),
(254, 1, 95),
(253, 1, 94),
(252, 1, 93),
(245, 5, 24),
(246, 5, 66),
(247, 5, 67),
(248, 5, 85),
(257, 19, 76),
(258, 19, 26),
(259, 19, 92),
(260, 19, 93),
(261, 19, 94),
(262, 19, 95),
(263, 19, 16),
(264, 19, 38),
(265, 19, 90),
(266, 19, 89),
(267, 19, 91),
(268, 19, 78),
(269, 19, 39),
(270, 19, 18),
(271, 19, 45),
(272, 19, 87),
(273, 19, 88),
(274, 19, 46),
(275, 19, 21),
(276, 19, 53),
(277, 19, 82),
(278, 19, 52),
(279, 19, 15),
(280, 19, 73),
(559, 19, 96),
(282, 19, 74),
(283, 19, 72),
(284, 19, 35),
(285, 19, 23),
(286, 19, 64),
(287, 19, 65),
(288, 19, 62),
(289, 19, 63),
(290, 19, 24),
(291, 19, 66),
(292, 19, 67),
(293, 19, 85),
(294, 1, 96),
(295, 3, 96),
(296, 1, 97),
(297, 1, 98),
(298, 1, 99),
(299, 1, 100),
(300, 1, 101),
(301, 3, 97),
(302, 3, 98),
(303, 3, 99),
(304, 3, 100),
(305, 3, 101),
(306, 1, 102),
(307, 3, 102),
(308, 1, 103),
(309, 1, 104),
(310, 1, 105),
(311, 3, 103),
(312, 3, 104),
(313, 3, 105),
(314, 1, 106),
(315, 3, 106),
(316, 1, 107),
(317, 3, 107),
(318, 1, 108),
(319, 3, 108),
(320, 1, 109),
(321, 3, 109),
(322, 1, 110),
(323, 1, 111),
(324, 1, 112),
(325, 3, 110),
(326, 3, 111),
(327, 3, 112),
(328, 1, 113),
(329, 3, 113),
(330, 1, 114),
(332, 3, 114),
(333, 1, 115),
(334, 3, 115),
(335, 1, 116),
(336, 3, 116),
(337, 1, 117),
(338, 1, 118),
(339, 1, 119),
(340, 1, 120),
(341, 1, 121),
(342, 1, 122),
(343, 3, 122),
(344, 19, 107),
(345, 19, 108),
(346, 19, 122),
(352, 3, 117),
(348, 3, 118),
(349, 3, 119),
(350, 3, 120),
(351, 3, 121),
(353, 1, 123),
(354, 3, 123),
(355, 1, 124),
(549, 3, 124),
(357, 4, 12),
(358, 4, 96),
(359, 4, 25),
(360, 4, 76),
(361, 4, 26),
(362, 4, 16),
(363, 4, 80),
(364, 4, 40),
(365, 4, 116),
(366, 4, 39),
(367, 4, 97),
(368, 4, 98),
(369, 4, 99),
(370, 4, 100),
(371, 4, 101),
(372, 4, 102),
(373, 4, 103),
(374, 4, 104),
(375, 4, 105),
(376, 4, 106),
(377, 4, 38),
(378, 4, 90),
(379, 4, 89),
(380, 4, 91),
(381, 4, 107),
(382, 4, 108),
(383, 4, 122),
(384, 4, 18),
(385, 4, 45),
(386, 4, 87),
(387, 4, 88),
(388, 4, 46),
(389, 4, 21),
(390, 4, 53),
(391, 4, 82),
(392, 4, 52),
(393, 4, 124),
(394, 4, 15),
(395, 4, 73),
(396, 4, 74),
(397, 4, 72),
(398, 4, 35),
(399, 4, 17),
(400, 4, 42),
(401, 4, 43),
(402, 4, 41),
(403, 4, 113),
(404, 4, 114),
(405, 4, 22),
(406, 4, 54),
(407, 4, 55),
(408, 4, 57),
(409, 4, 59),
(410, 4, 56),
(411, 4, 60),
(412, 4, 58),
(413, 4, 109),
(414, 4, 115),
(415, 4, 61),
(416, 4, 84),
(417, 4, 110),
(418, 4, 111),
(419, 4, 112),
(420, 4, 23),
(421, 4, 62),
(422, 4, 63),
(423, 4, 64),
(424, 4, 65),
(425, 4, 117),
(426, 4, 118),
(427, 4, 119),
(428, 4, 120),
(429, 4, 121),
(430, 4, 123),
(431, 4, 24),
(432, 4, 66),
(433, 4, 67),
(434, 4, 85),
(435, 1, 125),
(436, 2, 12),
(437, 2, 96),
(438, 2, 25),
(439, 2, 76),
(440, 2, 26),
(441, 2, 16),
(442, 2, 80),
(443, 2, 40),
(444, 2, 116),
(445, 2, 77),
(446, 2, 39),
(447, 2, 97),
(448, 2, 98),
(449, 2, 99),
(450, 2, 100),
(451, 2, 101),
(452, 2, 102),
(453, 2, 103),
(454, 2, 104),
(455, 2, 105),
(456, 2, 106),
(457, 2, 78),
(458, 2, 79),
(459, 2, 38),
(460, 2, 90),
(461, 2, 89),
(462, 2, 91),
(463, 2, 107),
(464, 2, 108),
(465, 2, 122),
(466, 2, 18),
(467, 2, 45),
(468, 2, 87),
(469, 2, 88),
(470, 2, 46),
(471, 2, 21),
(472, 2, 82),
(473, 2, 52),
(474, 2, 53),
(475, 2, 124),
(476, 2, 15),
(477, 2, 74),
(478, 2, 72),
(479, 2, 35),
(480, 2, 73),
(481, 2, 17),
(482, 2, 43),
(483, 2, 41),
(484, 2, 42),
(485, 2, 113),
(486, 2, 114),
(487, 2, 22),
(488, 2, 54),
(489, 2, 55),
(490, 2, 57),
(491, 2, 59),
(492, 2, 56),
(493, 2, 60),
(494, 2, 58),
(495, 2, 109),
(496, 2, 115),
(497, 2, 84),
(498, 2, 61),
(499, 2, 110),
(500, 2, 111),
(501, 2, 112),
(502, 2, 117),
(503, 2, 118),
(504, 2, 119),
(505, 2, 120),
(506, 2, 121),
(507, 2, 123),
(508, 2, 23),
(509, 2, 62),
(510, 2, 63),
(511, 2, 64),
(512, 2, 65),
(513, 2, 24),
(514, 2, 66),
(515, 2, 67),
(516, 2, 85),
(517, 20, 12),
(518, 20, 25),
(519, 20, 26),
(520, 20, 17),
(521, 20, 42),
(522, 20, 43),
(523, 20, 22),
(524, 20, 54),
(525, 20, 55),
(526, 20, 57),
(527, 20, 59),
(528, 20, 56),
(529, 20, 60),
(530, 20, 58),
(531, 20, 61),
(532, 20, 84),
(533, 20, 24),
(534, 20, 67),
(535, 20, 66),
(536, 20, 85),
(537, 1, 126),
(538, 3, 126),
(539, 2, 126),
(540, 4, 126),
(541, 19, 117),
(542, 19, 118),
(543, 19, 119),
(544, 19, 120),
(545, 19, 121),
(546, 19, 123),
(547, 19, 126),
(550, 19, 124),
(551, 1, 127),
(552, 1, 128),
(553, 1, 129),
(554, 1, 130),
(555, 19, 127),
(556, 19, 128),
(557, 19, 129),
(558, 19, 130),
(560, 19, 40),
(561, 19, 116),
(562, 19, 97),
(563, 19, 98),
(564, 19, 99),
(565, 19, 100),
(566, 19, 101),
(567, 19, 102),
(568, 19, 103),
(569, 19, 104),
(570, 19, 105),
(571, 19, 106),
(572, 19, 17),
(573, 19, 43),
(574, 19, 41),
(575, 19, 42),
(576, 19, 113),
(577, 19, 114),
(578, 19, 22),
(579, 19, 54),
(580, 19, 55),
(581, 19, 57),
(582, 19, 59),
(583, 19, 56),
(584, 19, 60),
(585, 19, 58),
(586, 19, 109),
(587, 19, 115),
(588, 19, 84),
(589, 19, 61),
(590, 19, 110),
(591, 19, 111),
(592, 19, 112),
(593, 2, 92),
(594, 2, 93),
(595, 2, 94),
(596, 2, 95),
(597, 2, 127),
(598, 2, 128),
(599, 2, 129),
(600, 2, 130),
(601, 4, 92),
(602, 4, 93),
(603, 4, 94),
(604, 4, 95),
(605, 4, 127),
(606, 4, 128),
(607, 4, 129),
(608, 4, 130),
(609, 1, 131),
(610, 1, 132),
(611, 1, 133),
(612, 1, 134),
(613, 1, 135),
(614, 1, 136),
(615, 1, 137),
(616, 1, 138),
(617, 1, 139),
(618, 1, 140),
(619, 1, 141),
(620, 1, 142),
(621, 1, 143),
(622, 2, 137),
(623, 2, 138),
(624, 2, 139),
(625, 2, 140),
(626, 2, 141),
(627, 2, 142),
(628, 2, 143),
(629, 2, 131),
(630, 2, 132),
(631, 2, 133),
(632, 2, 134),
(633, 2, 135),
(791, 2, 144),
(635, 3, 137),
(636, 3, 138),
(637, 3, 139),
(638, 3, 140),
(639, 3, 141),
(640, 3, 142),
(641, 3, 143),
(642, 3, 131),
(643, 3, 132),
(644, 3, 134),
(645, 3, 135),
(796, 3, 144),
(647, 4, 137),
(648, 4, 138),
(649, 4, 139),
(650, 4, 140),
(651, 4, 141),
(652, 4, 142),
(653, 4, 143),
(654, 4, 131),
(655, 4, 132),
(656, 4, 133),
(657, 4, 134),
(658, 4, 135),
(801, 4, 144),
(660, 19, 137),
(661, 19, 138),
(662, 19, 139),
(663, 19, 140),
(664, 19, 141),
(665, 19, 142),
(666, 19, 143),
(667, 19, 131),
(668, 19, 132),
(669, 19, 133),
(670, 19, 134),
(671, 19, 135),
(811, 19, 144),
(673, 5, 113),
(674, 5, 114),
(675, 5, 141),
(676, 5, 142),
(677, 5, 143),
(678, 20, 113),
(679, 20, 114),
(680, 20, 141),
(681, 20, 142),
(682, 20, 143),
(683, 18, 12),
(684, 18, 96),
(685, 18, 25),
(686, 18, 76),
(687, 18, 26),
(688, 18, 92),
(689, 18, 93),
(690, 18, 94),
(691, 18, 95),
(692, 18, 127),
(693, 18, 128),
(694, 18, 129),
(695, 18, 130),
(696, 18, 16),
(697, 18, 80),
(698, 18, 40),
(699, 18, 116),
(700, 18, 77),
(701, 18, 39),
(702, 18, 97),
(703, 18, 98),
(704, 18, 99),
(705, 18, 100),
(706, 18, 101),
(707, 18, 102),
(708, 18, 103),
(709, 18, 104),
(710, 18, 105),
(711, 18, 106),
(712, 18, 78),
(713, 18, 79),
(714, 18, 38),
(715, 18, 90),
(716, 18, 89),
(717, 18, 91),
(718, 18, 107),
(719, 18, 108),
(720, 18, 122),
(721, 18, 18),
(722, 18, 45),
(723, 18, 87),
(724, 18, 88),
(725, 18, 46),
(726, 18, 21),
(727, 18, 82),
(728, 18, 52),
(729, 18, 53),
(730, 18, 124),
(731, 18, 131),
(732, 18, 132),
(733, 18, 133),
(734, 18, 134),
(806, 18, 144),
(736, 18, 15),
(737, 18, 74),
(738, 18, 72),
(739, 18, 35),
(740, 18, 137),
(741, 18, 138),
(742, 18, 139),
(743, 18, 140),
(744, 18, 73),
(745, 18, 17),
(746, 18, 43),
(747, 18, 41),
(748, 18, 42),
(749, 18, 113),
(750, 18, 114),
(751, 18, 141),
(752, 18, 142),
(753, 18, 143),
(754, 18, 22),
(755, 18, 54),
(756, 18, 55),
(757, 18, 57),
(758, 18, 56),
(759, 18, 59),
(760, 18, 60),
(761, 18, 58),
(762, 18, 109),
(763, 18, 115),
(764, 18, 61),
(765, 18, 84),
(766, 18, 110),
(767, 18, 111),
(768, 18, 112),
(769, 18, 117),
(770, 18, 118),
(771, 18, 119),
(772, 18, 120),
(773, 18, 121),
(774, 18, 123),
(775, 18, 126),
(776, 18, 23),
(777, 18, 62),
(778, 18, 63),
(779, 18, 64),
(780, 18, 65),
(781, 18, 24),
(782, 18, 67),
(783, 18, 66),
(784, 18, 85),
(785, 3, 133),
(786, 1, 144),
(787, 1, 145),
(788, 1, 146),
(789, 1, 147),
(790, 1, 148),
(792, 2, 145),
(793, 2, 146),
(794, 2, 147),
(795, 2, 148),
(797, 3, 145),
(798, 3, 146),
(799, 3, 147),
(800, 3, 148),
(802, 4, 145),
(803, 4, 146),
(804, 4, 147),
(805, 4, 148),
(807, 18, 145),
(808, 18, 146),
(809, 18, 147),
(810, 18, 148),
(812, 19, 145),
(813, 19, 146),
(814, 19, 147),
(815, 19, 148),
(816, 1, 149),
(817, 2, 149),
(818, 3, 149),
(819, 4, 149),
(820, 19, 149),
(821, 18, 149),
(822, 1, 150),
(823, 2, 150),
(824, 3, 150),
(825, 4, 150),
(826, 18, 150),
(827, 19, 150),
(828, 1, 151),
(829, 1, 152),
(830, 1, 153),
(831, 1, 154),
(832, 1, 155),
(833, 1, 156),
(834, 2, 153),
(835, 2, 154),
(836, 2, 155),
(837, 2, 156),
(838, 3, 153),
(839, 3, 154),
(840, 3, 155),
(841, 3, 156),
(842, 4, 153),
(843, 4, 154),
(844, 4, 155),
(845, 4, 156),
(846, 18, 153),
(847, 18, 154),
(848, 18, 155),
(849, 18, 156),
(850, 19, 153),
(851, 19, 154),
(852, 19, 155),
(853, 19, 156),
(854, 2, 36),
(855, 1, 157),
(856, 1, 158),
(857, 2, 157),
(858, 1, 159),
(859, 2, 159),
(860, 1, 160),
(861, 1, 161),
(862, 1, 162),
(863, 1, 163),
(864, 1, 164),
(865, 1, 165),
(866, 2, 160),
(867, 2, 161),
(868, 2, 162),
(869, 2, 163),
(870, 2, 164),
(871, 2, 165),
(872, 19, 159),
(873, 19, 157),
(874, 19, 36),
(875, 18, 159),
(876, 18, 157),
(877, 18, 36),
(878, 18, 135),
(879, 18, 160),
(880, 18, 161),
(881, 18, 162),
(882, 18, 163),
(883, 18, 164),
(884, 18, 165),
(885, 4, 159),
(886, 4, 157),
(887, 4, 36),
(888, 4, 160),
(889, 4, 161),
(890, 4, 162),
(891, 4, 163),
(892, 4, 164),
(893, 4, 165),
(894, 3, 160),
(895, 3, 161),
(896, 3, 162),
(897, 3, 163),
(898, 3, 164),
(899, 3, 165),
(900, 19, 160),
(901, 19, 161),
(902, 19, 162),
(903, 19, 163),
(904, 19, 164),
(905, 19, 165),
(906, 1, 166),
(907, 1, 167),
(908, 2, 166),
(909, 2, 167),
(910, 3, 166),
(911, 3, 167),
(912, 4, 166),
(913, 4, 167),
(914, 18, 166),
(915, 18, 167),
(916, 19, 166),
(917, 19, 167),
(918, 1, 168),
(919, 1, 169),
(920, 2, 168),
(921, 2, 169),
(940, 21, 25),
(939, 21, 12),
(924, 4, 168),
(925, 4, 169),
(926, 18, 168),
(927, 18, 169),
(928, 19, 168),
(929, 19, 169),
(930, 1, 170),
(931, 1, 171),
(932, 1, 172),
(933, 2, 171),
(934, 2, 172),
(935, 2, 170),
(936, 4, 170),
(937, 18, 170),
(938, 19, 170),
(941, 21, 26),
(942, 21, 17),
(943, 21, 42),
(944, 21, 43),
(945, 21, 113),
(946, 21, 114),
(947, 21, 141),
(948, 21, 142),
(949, 21, 143),
(950, 21, 22),
(951, 21, 54),
(952, 21, 55),
(953, 21, 57),
(954, 21, 59),
(955, 21, 56),
(956, 21, 60),
(957, 21, 58),
(958, 21, 84),
(959, 21, 61),
(960, 21, 24),
(961, 21, 67),
(962, 21, 66),
(963, 21, 85),
(964, 1, 173),
(965, 1, 174),
(966, 1, 175),
(967, 1, 176),
(968, 1, 177),
(969, 1, 178),
(970, 1, 179),
(971, 1, 180),
(972, 1, 181),
(973, 2, 173),
(974, 2, 174),
(975, 2, 175),
(976, 2, 176),
(977, 2, 178),
(978, 18, 173),
(979, 18, 174),
(980, 18, 175),
(981, 18, 176),
(982, 18, 178),
(983, 18, 171),
(984, 18, 172);

-- --------------------------------------------------------

--
-- 表的结构 `wx_tags`
--

CREATE TABLE IF NOT EXISTS `wx_tags` (
  `tag_id` int(11) unsigned NOT NULL AUTO_INCREMENT COMMENT '标签主键自增ID',
  `tag_name` varchar(50) NOT NULL COMMENT 'tag名称',
  `obj_type` tinyint(3) unsigned NOT NULL DEFAULT '0' COMMENT 'tag对象类型 10-文章标签,20-图片标签',
  `obj_id` int(11) unsigned NOT NULL DEFAULT '0' COMMENT 'tag对象ID',
  `created_time` int(11) unsigned NOT NULL DEFAULT '0' COMMENT 'tag创建时间',
  PRIMARY KEY (`tag_id`),
  KEY `obj_type` (`obj_type`,`obj_id`)
) ENGINE=MyISAM  DEFAULT CHARSET=utf8 COMMENT='标签管理表' AUTO_INCREMENT=7 ;

/*!40101 SET CHARACTER_SET_CLIENT=@OLD_CHARACTER_SET_CLIENT */;
/*!40101 SET CHARACTER_SET_RESULTS=@OLD_CHARACTER_SET_RESULTS */;
/*!40101 SET COLLATION_CONNECTION=@OLD_COLLATION_CONNECTION */;
